/home/dorma10/mutation-analysis/projects/commons-imaging/src/main/java/org/apache/commons/imaging/ImageFormats.java,0.8780847787857056
/home/dorma10/mutation-analysis/projects/commons-imaging/src/main/java/org/apache/commons/imaging/PixelDensity.java,0.8213915859951693
/home/dorma10/mutation-analysis/projects/commons-imaging/src/main/java/org/apache/commons/imaging/Imaging.java,0.8182111993165953
/home/dorma10/mutation-analysis/projects/commons-imaging/src/main/java/org/apache/commons/imaging/package-info.java,0.8181431889533997
/home/dorma10/mutation-analysis/projects/commons-imaging/src/main/java/org/apache/commons/imaging/ImageParser.java,0.874457679011605
/home/dorma10/mutation-analysis/projects/commons-imaging/src/main/java/org/apache/commons/imaging/FormatCompliance.java,0.7450425349749051
/home/dorma10/mutation-analysis/projects/commons-imaging/src/main/java/org/apache/commons/imaging/ImagingConstants.java,0.9019385576248169
/home/dorma10/mutation-analysis/projects/commons-imaging/src/main/java/org/apache/commons/imaging/ImageWriteException.java,0.747998796403408
/home/dorma10/mutation-analysis/projects/commons-imaging/src/main/java/org/apache/commons/imaging/internal/package-info.java,0.8169084787368774
/home/dorma10/mutation-analysis/projects/commons-imaging/src/main/java/org/apache/commons/imaging/internal/Debug.java,0.7339878024963232
/home/dorma10/mutation-analysis/projects/commons-imaging/src/main/java/org/apache/commons/imaging/ImageInfo.java,0.8957319309314092
/home/dorma10/mutation-analysis/projects/commons-imaging/src/main/java/org/apache/commons/imaging/palette/PaletteFactory.java,0.5734193939715624
/home/dorma10/mutation-analysis/projects/commons-imaging/src/main/java/org/apache/commons/imaging/palette/ColorGroup.java,0.44537402093410494
/home/dorma10/mutation-analysis/projects/commons-imaging/src/main/java/org/apache/commons/imaging/palette/LongestAxisMedianCut.java,0.1161073746625334
/home/dorma10/mutation-analysis/projects/commons-imaging/src/main/java/org/apache/commons/imaging/palette/package-info.java,0.8076274991035461
/home/dorma10/mutation-analysis/projects/commons-imaging/src/main/java/org/apache/commons/imaging/palette/ColorComponent.java,0.9476011395454407
/home/dorma10/mutation-analysis/projects/commons-imaging/src/main/java/org/apache/commons/imaging/palette/ColorCount.java,0.8030987977981567
/home/dorma10/mutation-analysis/projects/commons-imaging/src/main/java/org/apache/commons/imaging/palette/ColorGroupCut.java,0.8142075538635254
/home/dorma10/mutation-analysis/projects/commons-imaging/src/main/java/org/apache/commons/imaging/palette/MostPopulatedBoxesMedianCut.java,0.0013017639284953475
/home/dorma10/mutation-analysis/projects/commons-imaging/src/main/java/org/apache/commons/imaging/palette/Palette.java,0.9639749725659689
/home/dorma10/mutation-analysis/projects/commons-imaging/src/main/java/org/apache/commons/imaging/palette/MedianCutQuantizer.java,0.3602731628343463
/home/dorma10/mutation-analysis/projects/commons-imaging/src/main/java/org/apache/commons/imaging/palette/Dithering.java,0.35705506801605225
/home/dorma10/mutation-analysis/projects/commons-imaging/src/main/java/org/apache/commons/imaging/palette/ColorSpaceSubset.java,0.5785514876246453
/home/dorma10/mutation-analysis/projects/commons-imaging/src/main/java/org/apache/commons/imaging/palette/MedianCut.java,0.45320072770118713
/home/dorma10/mutation-analysis/projects/commons-imaging/src/main/java/org/apache/commons/imaging/palette/ColorCountComparator.java,0.8050326406955719
/home/dorma10/mutation-analysis/projects/commons-imaging/src/main/java/org/apache/commons/imaging/palette/MedianCutPalette.java,0.8393984436988831
/home/dorma10/mutation-analysis/projects/commons-imaging/src/main/java/org/apache/commons/imaging/palette/QuantizedPalette.java,0.591172356158495
/home/dorma10/mutation-analysis/projects/commons-imaging/src/main/java/org/apache/commons/imaging/palette/SimplePalette.java,0.9338995814323425
/home/dorma10/mutation-analysis/projects/commons-imaging/src/main/java/org/apache/commons/imaging/ImageReadException.java,0.8524401187896729
/home/dorma10/mutation-analysis/projects/commons-imaging/src/main/java/org/apache/commons/imaging/color/package-info.java,0.811877429485321
/home/dorma10/mutation-analysis/projects/commons-imaging/src/main/java/org/apache/commons/imaging/color/ColorCmy.java,0.8018659055233002
/home/dorma10/mutation-analysis/projects/commons-imaging/src/main/java/org/apache/commons/imaging/color/ColorXyz.java,0.8000718504190445
/home/dorma10/mutation-analysis/projects/commons-imaging/src/main/java/org/apache/commons/imaging/color/ColorCieLch.java,0.8054651021957397
/home/dorma10/mutation-analysis/projects/commons-imaging/src/main/java/org/apache/commons/imaging/color/ColorHunterLab.java,0.8020949959754944
/home/dorma10/mutation-analysis/projects/commons-imaging/src/main/java/org/apache/commons/imaging/color/ColorCmyk.java,0.7160140722990036
/home/dorma10/mutation-analysis/projects/commons-imaging/src/main/java/org/apache/commons/imaging/color/ColorCieLuv.java,0.8054651021957397
/home/dorma10/mutation-analysis/projects/commons-imaging/src/main/java/org/apache/commons/imaging/color/ColorCieLab.java,0.8059849590063095
/home/dorma10/mutation-analysis/projects/commons-imaging/src/main/java/org/apache/commons/imaging/color/ColorConversions.java,0.8808420780228405
/home/dorma10/mutation-analysis/projects/commons-imaging/src/main/java/org/apache/commons/imaging/color/ColorHsv.java,0.8018659055233002
/home/dorma10/mutation-analysis/projects/commons-imaging/src/main/java/org/apache/commons/imaging/color/ColorHsl.java,0.8018659055233002
/home/dorma10/mutation-analysis/projects/commons-imaging/src/main/java/org/apache/commons/imaging/ImageFormat.java,0.9296649098396301
/home/dorma10/mutation-analysis/projects/commons-imaging/src/main/java/org/apache/commons/imaging/icc/IccProfileParser.java,0.7245714305476709
/home/dorma10/mutation-analysis/projects/commons-imaging/src/main/java/org/apache/commons/imaging/icc/package-info.java,0.8157378435134888
/home/dorma10/mutation-analysis/projects/commons-imaging/src/main/java/org/apache/commons/imaging/icc/CachingInputStream.java,0.9299065709114075
/home/dorma10/mutation-analysis/projects/commons-imaging/src/main/java/org/apache/commons/imaging/icc/IccTagTypes.java,0.9936533570289612
/home/dorma10/mutation-analysis/projects/commons-imaging/src/main/java/org/apache/commons/imaging/icc/IccTagDataTypes.java,0.5932507514953613
/home/dorma10/mutation-analysis/projects/commons-imaging/src/main/java/org/apache/commons/imaging/icc/IccTag.java,0.5981664001941681
/home/dorma10/mutation-analysis/projects/commons-imaging/src/main/java/org/apache/commons/imaging/icc/IccProfileInfo.java,0.7478539314534929
/home/dorma10/mutation-analysis/projects/commons-imaging/src/main/java/org/apache/commons/imaging/icc/IccTagType.java,0.7349146803220113
/home/dorma10/mutation-analysis/projects/commons-imaging/src/main/java/org/apache/commons/imaging/icc/IccTagDataType.java,0.7522712747255961
/home/dorma10/mutation-analysis/projects/commons-imaging/src/main/java/org/apache/commons/imaging/icc/IccConstants.java,0.9370856881141663
/home/dorma10/mutation-analysis/projects/commons-imaging/src/main/java/org/apache/commons/imaging/common/BufferedImageFactory.java,0.7721748352050781
/home/dorma10/mutation-analysis/projects/commons-imaging/src/main/java/org/apache/commons/imaging/common/BinaryFunctions.java,0.7274694546800236
/home/dorma10/mutation-analysis/projects/commons-imaging/src/main/java/org/apache/commons/imaging/common/BasicCParser.java,0.4626398808642989
/home/dorma10/mutation-analysis/projects/commons-imaging/src/main/java/org/apache/commons/imaging/common/BinaryOutputStream.java,0.7730537366408569
/home/dorma10/mutation-analysis/projects/commons-imaging/src/main/java/org/apache/commons/imaging/common/bytesource/package-info.java,0.7586818933486938
/home/dorma10/mutation-analysis/projects/commons-imaging/src/main/java/org/apache/commons/imaging/common/bytesource/ByteSourceArray.java,0.9098426359040397
/home/dorma10/mutation-analysis/projects/commons-imaging/src/main/java/org/apache/commons/imaging/common/bytesource/ByteSource.java,0.9080982406934103
/home/dorma10/mutation-analysis/projects/commons-imaging/src/main/java/org/apache/commons/imaging/common/bytesource/ByteSourceInputStream.java,0.7627010849805979
/home/dorma10/mutation-analysis/projects/commons-imaging/src/main/java/org/apache/commons/imaging/common/bytesource/ByteSourceFile.java,0.8554417490959167
/home/dorma10/mutation-analysis/projects/commons-imaging/src/main/java/org/apache/commons/imaging/common/package-info.java,0.8077225685119629
/home/dorma10/mutation-analysis/projects/commons-imaging/src/main/java/org/apache/commons/imaging/common/RationalNumber.java,0.8224209930215564
/home/dorma10/mutation-analysis/projects/commons-imaging/src/main/java/org/apache/commons/imaging/common/RgbBufferedImageFactory.java,0.7683538794517517
/home/dorma10/mutation-analysis/projects/commons-imaging/src/main/java/org/apache/commons/imaging/common/ImageMetadata.java,0.5893442258238792
/home/dorma10/mutation-analysis/projects/commons-imaging/src/main/java/org/apache/commons/imaging/common/ByteConversions.java,0.6578074111396239
/home/dorma10/mutation-analysis/projects/commons-imaging/src/main/java/org/apache/commons/imaging/common/mylzw/package-info.java,0.7696364521980286
/home/dorma10/mutation-analysis/projects/commons-imaging/src/main/java/org/apache/commons/imaging/common/mylzw/BitsToByteInputStream.java,0.8082984685897827
/home/dorma10/mutation-analysis/projects/commons-imaging/src/main/java/org/apache/commons/imaging/common/mylzw/MyLzwCompressor.java,0.7921704611052638
/home/dorma10/mutation-analysis/projects/commons-imaging/src/main/java/org/apache/commons/imaging/common/mylzw/MyLzwDecompressor.java,0.8115392222123987
/home/dorma10/mutation-analysis/projects/commons-imaging/src/main/java/org/apache/commons/imaging/common/mylzw/MyBitOutputStream.java,0.7482892821232477
/home/dorma10/mutation-analysis/projects/commons-imaging/src/main/java/org/apache/commons/imaging/common/mylzw/MyBitInputStream.java,0.834423710902532
/home/dorma10/mutation-analysis/projects/commons-imaging/src/main/java/org/apache/commons/imaging/common/itu_t4/package-info.java,0.743374228477478
/home/dorma10/mutation-analysis/projects/commons-imaging/src/main/java/org/apache/commons/imaging/common/itu_t4/HuffmanTree.java,0.4119763026634852
/home/dorma10/mutation-analysis/projects/commons-imaging/src/main/java/org/apache/commons/imaging/common/itu_t4/BitArrayOutputStream.java,0.8252946972846985
/home/dorma10/mutation-analysis/projects/commons-imaging/src/main/java/org/apache/commons/imaging/common/itu_t4/BitInputStreamFlexible.java,0.7988800525665283
/home/dorma10/mutation-analysis/projects/commons-imaging/src/main/java/org/apache/commons/imaging/common/itu_t4/T4AndT6Compression.java,0.40759308980260456
/home/dorma10/mutation-analysis/projects/commons-imaging/src/main/java/org/apache/commons/imaging/common/itu_t4/T4_T6_Tables.java,0.6934584081172943
/home/dorma10/mutation-analysis/projects/commons-imaging/src/main/java/org/apache/commons/imaging/common/itu_t4/HuffmanTreeException.java,0.8099015057086945
/home/dorma10/mutation-analysis/projects/commons-imaging/src/main/java/org/apache/commons/imaging/common/BinaryConstant.java,0.9024036288261413
/home/dorma10/mutation-analysis/projects/commons-imaging/src/main/java/org/apache/commons/imaging/common/PackBits.java,0.866689994931221
/home/dorma10/mutation-analysis/projects/commons-imaging/src/main/java/org/apache/commons/imaging/common/XmpEmbeddable.java,0.7859354019165039
/home/dorma10/mutation-analysis/projects/commons-imaging/src/main/java/org/apache/commons/imaging/common/GenericImageMetadata.java,0.853438776731491
/home/dorma10/mutation-analysis/projects/commons-imaging/src/main/java/org/apache/commons/imaging/common/FastByteArrayOutputStream.java,0.8620601892471313
/home/dorma10/mutation-analysis/projects/commons-imaging/src/main/java/org/apache/commons/imaging/common/SimpleBufferedImageFactory.java,0.6922534704208374
/home/dorma10/mutation-analysis/projects/commons-imaging/src/main/java/org/apache/commons/imaging/common/ImageBuilder.java,0.8393535688519478
/home/dorma10/mutation-analysis/projects/commons-imaging/src/main/java/org/apache/commons/imaging/common/ZlibDeflate.java,0.823787271976471
/home/dorma10/mutation-analysis/projects/commons-imaging/src/main/java/org/apache/commons/imaging/common/BinaryFileParser.java,0.7317295521497726
/home/dorma10/mutation-analysis/projects/commons-imaging/src/main/java/org/apache/commons/imaging/ColorTools.java,0.6894245117902755
/home/dorma10/mutation-analysis/projects/commons-imaging/src/main/java/org/apache/commons/imaging/ImageDump.java,0.7696416020393372
/home/dorma10/mutation-analysis/projects/commons-imaging/src/main/java/org/apache/commons/imaging/formats/bmp/PixelParserRgb.java,0.5078639760613441
/home/dorma10/mutation-analysis/projects/commons-imaging/src/main/java/org/apache/commons/imaging/formats/bmp/PixelParser.java,0.6128861705462137
/home/dorma10/mutation-analysis/projects/commons-imaging/src/main/java/org/apache/commons/imaging/formats/bmp/package-info.java,0.7727776169776917
/home/dorma10/mutation-analysis/projects/commons-imaging/src/main/java/org/apache/commons/imaging/formats/bmp/BmpImageContents.java,0.6578691005706787
/home/dorma10/mutation-analysis/projects/commons-imaging/src/main/java/org/apache/commons/imaging/formats/bmp/PixelParserSimple.java,0.803023174405098
/home/dorma10/mutation-analysis/projects/commons-imaging/src/main/java/org/apache/commons/imaging/formats/bmp/PixelParserRle.java,0.73195880651474
/home/dorma10/mutation-analysis/projects/commons-imaging/src/main/java/org/apache/commons/imaging/formats/bmp/BmpWriterRgb.java,0.8557948023080826
/home/dorma10/mutation-analysis/projects/commons-imaging/src/main/java/org/apache/commons/imaging/formats/bmp/BmpWriter.java,0.7554420381784439
/home/dorma10/mutation-analysis/projects/commons-imaging/src/main/java/org/apache/commons/imaging/formats/bmp/BmpWriterPalette.java,0.712536746263504
/home/dorma10/mutation-analysis/projects/commons-imaging/src/main/java/org/apache/commons/imaging/formats/bmp/BmpHeaderInfo.java,0.5582356452941895
/home/dorma10/mutation-analysis/projects/commons-imaging/src/main/java/org/apache/commons/imaging/formats/bmp/PixelParserBitFields.java,0.4222370991483331
/home/dorma10/mutation-analysis/projects/commons-imaging/src/main/java/org/apache/commons/imaging/formats/bmp/BmpImageParser.java,0.6202807168975644
/home/dorma10/mutation-analysis/projects/commons-imaging/src/main/java/org/apache/commons/imaging/formats/xbm/package-info.java,0.7727053761482239
/home/dorma10/mutation-analysis/projects/commons-imaging/src/main/java/org/apache/commons/imaging/formats/xbm/XbmImageParser.java,0.5985824189295894
/home/dorma10/mutation-analysis/projects/commons-imaging/src/main/java/org/apache/commons/imaging/formats/tiff/JpegImageData.java,0.90031898021698
/home/dorma10/mutation-analysis/projects/commons-imaging/src/main/java/org/apache/commons/imaging/formats/tiff/TiffImageData.java,0.8235520308925992
/home/dorma10/mutation-analysis/projects/commons-imaging/src/main/java/org/apache/commons/imaging/formats/tiff/package-info.java,0.7414636015892029
/home/dorma10/mutation-analysis/projects/commons-imaging/src/main/java/org/apache/commons/imaging/formats/tiff/TiffContents.java,0.45656441897153854
/home/dorma10/mutation-analysis/projects/commons-imaging/src/main/java/org/apache/commons/imaging/formats/tiff/TiffField.java,0.8116107883322383
/home/dorma10/mutation-analysis/projects/commons-imaging/src/main/java/org/apache/commons/imaging/formats/tiff/write/TiffOutputItem.java,0.9053673505783081
/home/dorma10/mutation-analysis/projects/commons-imaging/src/main/java/org/apache/commons/imaging/formats/tiff/write/ImageDataOffsets.java,0.45795485377311707
/home/dorma10/mutation-analysis/projects/commons-imaging/src/main/java/org/apache/commons/imaging/formats/tiff/write/package-info.java,0.7505531907081604
/home/dorma10/mutation-analysis/projects/commons-imaging/src/main/java/org/apache/commons/imaging/formats/tiff/write/TiffOutputSet.java,0.7088655638694763
/home/dorma10/mutation-analysis/projects/commons-imaging/src/main/java/org/apache/commons/imaging/formats/tiff/write/TiffOutputField.java,0.7736517960826556
/home/dorma10/mutation-analysis/projects/commons-imaging/src/main/java/org/apache/commons/imaging/formats/tiff/write/TiffOutputSummary.java,0.6567802250385284
/home/dorma10/mutation-analysis/projects/commons-imaging/src/main/java/org/apache/commons/imaging/formats/tiff/write/TiffImageWriterLossy.java,0.6844059586524963
/home/dorma10/mutation-analysis/projects/commons-imaging/src/main/java/org/apache/commons/imaging/formats/tiff/write/TiffOutputDirectory.java,0.5711444351408217
/home/dorma10/mutation-analysis/projects/commons-imaging/src/main/java/org/apache/commons/imaging/formats/tiff/write/TiffImageWriterBase.java,0.6471888043983199
/home/dorma10/mutation-analysis/projects/commons-imaging/src/main/java/org/apache/commons/imaging/formats/tiff/write/TiffImageWriterLossless.java,0.5841300099467238
/home/dorma10/mutation-analysis/projects/commons-imaging/src/main/java/org/apache/commons/imaging/formats/tiff/TiffImageParser.java,0.508764059189707
/home/dorma10/mutation-analysis/projects/commons-imaging/src/main/java/org/apache/commons/imaging/formats/tiff/TiffReader.java,0.671235566509181
/home/dorma10/mutation-analysis/projects/commons-imaging/src/main/java/org/apache/commons/imaging/formats/tiff/TiffDirectory.java,0.5929191781664794
/home/dorma10/mutation-analysis/projects/commons-imaging/src/main/java/org/apache/commons/imaging/formats/tiff/TiffTags.java,0.6859921344688961
/home/dorma10/mutation-analysis/projects/commons-imaging/src/main/java/org/apache/commons/imaging/formats/tiff/constants/AliasSketchbookProTagConstants.java,0.7833003401756287
/home/dorma10/mutation-analysis/projects/commons-imaging/src/main/java/org/apache/commons/imaging/formats/tiff/constants/package-info.java,0.7388556003570557
/home/dorma10/mutation-analysis/projects/commons-imaging/src/main/java/org/apache/commons/imaging/formats/tiff/constants/TiffDirectoryType.java,0.9608989953994751
/home/dorma10/mutation-analysis/projects/commons-imaging/src/main/java/org/apache/commons/imaging/formats/tiff/constants/MolecularDynamicsGelTagConstants.java,0.7677615284919739
/home/dorma10/mutation-analysis/projects/commons-imaging/src/main/java/org/apache/commons/imaging/formats/tiff/constants/WangTagConstants.java,0.9019385576248169
/home/dorma10/mutation-analysis/projects/commons-imaging/src/main/java/org/apache/commons/imaging/formats/tiff/constants/MicrosoftHdPhotoTagConstants.java,0.5967715531587601
/home/dorma10/mutation-analysis/projects/commons-imaging/src/main/java/org/apache/commons/imaging/formats/tiff/constants/AdobePageMaker6TagConstants.java,0.7559612989425659
/home/dorma10/mutation-analysis/projects/commons-imaging/src/main/java/org/apache/commons/imaging/formats/tiff/constants/OceScanjobTagConstants.java,0.8492978811264038
/home/dorma10/mutation-analysis/projects/commons-imaging/src/main/java/org/apache/commons/imaging/formats/tiff/constants/Tiff4TagConstants.java,0.8606067299842834
/home/dorma10/mutation-analysis/projects/commons-imaging/src/main/java/org/apache/commons/imaging/formats/tiff/constants/MicrosoftTagConstants.java,0.8579375147819519
/home/dorma10/mutation-analysis/projects/commons-imaging/src/main/java/org/apache/commons/imaging/formats/tiff/constants/Rfc2301TagConstants.java,0.8732121586799622
/home/dorma10/mutation-analysis/projects/commons-imaging/src/main/java/org/apache/commons/imaging/formats/tiff/constants/ExifTagConstants.java,0.9019385576248169
/home/dorma10/mutation-analysis/projects/commons-imaging/src/main/java/org/apache/commons/imaging/formats/tiff/constants/GdalLibraryTagConstants.java,0.8407343626022339
/home/dorma10/mutation-analysis/projects/commons-imaging/src/main/java/org/apache/commons/imaging/formats/tiff/constants/TiffEpTagConstants.java,0.8842266798019409
/home/dorma10/mutation-analysis/projects/commons-imaging/src/main/java/org/apache/commons/imaging/formats/tiff/constants/TiffTagConstants.java,0.9019385576248169
/home/dorma10/mutation-analysis/projects/commons-imaging/src/main/java/org/apache/commons/imaging/formats/tiff/constants/TiffDirectoryConstants.java,0.8492978811264038
/home/dorma10/mutation-analysis/projects/commons-imaging/src/main/java/org/apache/commons/imaging/formats/tiff/constants/GeoTiffTagConstants.java,0.8754124045372009
/home/dorma10/mutation-analysis/projects/commons-imaging/src/main/java/org/apache/commons/imaging/formats/tiff/constants/GpsTagConstants.java,0.9384390711784363
/home/dorma10/mutation-analysis/projects/commons-imaging/src/main/java/org/apache/commons/imaging/formats/tiff/constants/DngTagConstants.java,0.9107988476753235
/home/dorma10/mutation-analysis/projects/commons-imaging/src/main/java/org/apache/commons/imaging/formats/tiff/constants/AdobePhotoshopTagConstants.java,0.8155559301376343
/home/dorma10/mutation-analysis/projects/commons-imaging/src/main/java/org/apache/commons/imaging/formats/tiff/constants/DcfTagConstants.java,0.9107988476753235
/home/dorma10/mutation-analysis/projects/commons-imaging/src/main/java/org/apache/commons/imaging/formats/tiff/constants/TiffConstants.java,0.9284050464630127
/home/dorma10/mutation-analysis/projects/commons-imaging/src/main/java/org/apache/commons/imaging/formats/tiff/constants/HylaFaxTagConstants.java,0.8754124045372009
/home/dorma10/mutation-analysis/projects/commons-imaging/src/main/java/org/apache/commons/imaging/formats/tiff/fieldtypes/FieldTypeByte.java,0.8490454951922098
/home/dorma10/mutation-analysis/projects/commons-imaging/src/main/java/org/apache/commons/imaging/formats/tiff/fieldtypes/FieldType.java,0.8768537299973624
/home/dorma10/mutation-analysis/projects/commons-imaging/src/main/java/org/apache/commons/imaging/formats/tiff/fieldtypes/FieldTypeFloat.java,0.6491069893042246
/home/dorma10/mutation-analysis/projects/commons-imaging/src/main/java/org/apache/commons/imaging/formats/tiff/fieldtypes/package-info.java,0.7255927920341492
/home/dorma10/mutation-analysis/projects/commons-imaging/src/main/java/org/apache/commons/imaging/formats/tiff/fieldtypes/FieldTypeAscii.java,0.6106670945882797
/home/dorma10/mutation-analysis/projects/commons-imaging/src/main/java/org/apache/commons/imaging/formats/tiff/fieldtypes/FieldTypeDouble.java,0.6437924206256866
/home/dorma10/mutation-analysis/projects/commons-imaging/src/main/java/org/apache/commons/imaging/formats/tiff/fieldtypes/FieldTypeRational.java,0.5732454359531403
/home/dorma10/mutation-analysis/projects/commons-imaging/src/main/java/org/apache/commons/imaging/formats/tiff/fieldtypes/FieldTypeShort.java,0.6164624392986298
/home/dorma10/mutation-analysis/projects/commons-imaging/src/main/java/org/apache/commons/imaging/formats/tiff/fieldtypes/FieldTypeLong.java,0.684890220562617
/home/dorma10/mutation-analysis/projects/commons-imaging/src/main/java/org/apache/commons/imaging/formats/tiff/datareaders/BitInputStream.java,0.7440848588943482
/home/dorma10/mutation-analysis/projects/commons-imaging/src/main/java/org/apache/commons/imaging/formats/tiff/datareaders/package-info.java,0.7338888049125671
/home/dorma10/mutation-analysis/projects/commons-imaging/src/main/java/org/apache/commons/imaging/formats/tiff/datareaders/ImageDataReader.java,0.6867569867860187
/home/dorma10/mutation-analysis/projects/commons-imaging/src/main/java/org/apache/commons/imaging/formats/tiff/datareaders/DataReaderTiled.java,0.392190158367157
/home/dorma10/mutation-analysis/projects/commons-imaging/src/main/java/org/apache/commons/imaging/formats/tiff/datareaders/DataReaderStrips.java,0.4532692462205887
/home/dorma10/mutation-analysis/projects/commons-imaging/src/main/java/org/apache/commons/imaging/formats/tiff/TiffRasterStatistics.java,0.9508358687162399
/home/dorma10/mutation-analysis/projects/commons-imaging/src/main/java/org/apache/commons/imaging/formats/tiff/TiffElement.java,0.9393678733280727
/home/dorma10/mutation-analysis/projects/commons-imaging/src/main/java/org/apache/commons/imaging/formats/tiff/photometricinterpreters/package-info.java,0.6866384148597717
/home/dorma10/mutation-analysis/projects/commons-imaging/src/main/java/org/apache/commons/imaging/formats/tiff/photometricinterpreters/PhotometricInterpreter.java,0.8485491474469503
/home/dorma10/mutation-analysis/projects/commons-imaging/src/main/java/org/apache/commons/imaging/formats/tiff/photometricinterpreters/PhotometricInterpreterPalette.java,0.5432904958724976
/home/dorma10/mutation-analysis/projects/commons-imaging/src/main/java/org/apache/commons/imaging/formats/tiff/photometricinterpreters/PhotometricInterpreterCmyk.java,0.7872125804424286
/home/dorma10/mutation-analysis/projects/commons-imaging/src/main/java/org/apache/commons/imaging/formats/tiff/photometricinterpreters/PhotometricInterpreterYCbCr.java,0.8778554946184158
/home/dorma10/mutation-analysis/projects/commons-imaging/src/main/java/org/apache/commons/imaging/formats/tiff/photometricinterpreters/PhotometricInterpreterCieLab.java,0.7662272453308105
/home/dorma10/mutation-analysis/projects/commons-imaging/src/main/java/org/apache/commons/imaging/formats/tiff/photometricinterpreters/PhotometricInterpreterBiLevel.java,0.8171016573905945
/home/dorma10/mutation-analysis/projects/commons-imaging/src/main/java/org/apache/commons/imaging/formats/tiff/photometricinterpreters/PhotometricInterpreterRgb.java,0.7408468127250671
/home/dorma10/mutation-analysis/projects/commons-imaging/src/main/java/org/apache/commons/imaging/formats/tiff/photometricinterpreters/floatingpoint/package-info.java,0.6413168907165527
/home/dorma10/mutation-analysis/projects/commons-imaging/src/main/java/org/apache/commons/imaging/formats/tiff/photometricinterpreters/floatingpoint/PaletteEntryForRange.java,0.7342802815967135
/home/dorma10/mutation-analysis/projects/commons-imaging/src/main/java/org/apache/commons/imaging/formats/tiff/photometricinterpreters/floatingpoint/PhotometricInterpreterFloat.java,0.9083159499698215
/home/dorma10/mutation-analysis/projects/commons-imaging/src/main/java/org/apache/commons/imaging/formats/tiff/photometricinterpreters/floatingpoint/PaletteEntryForValue.java,0.9305347129702568
/home/dorma10/mutation-analysis/projects/commons-imaging/src/main/java/org/apache/commons/imaging/formats/tiff/photometricinterpreters/floatingpoint/PaletteEntry.java,0.9800004065036774
/home/dorma10/mutation-analysis/projects/commons-imaging/src/main/java/org/apache/commons/imaging/formats/tiff/photometricinterpreters/PhotometricInterpreterLogLuv.java,0.8105296492576599
/home/dorma10/mutation-analysis/projects/commons-imaging/src/main/java/org/apache/commons/imaging/formats/tiff/taginfos/TagInfoSRational.java,0.7357434233029684
/home/dorma10/mutation-analysis/projects/commons-imaging/src/main/java/org/apache/commons/imaging/formats/tiff/taginfos/TagInfoUndefineds.java,0.6535416841506958
/home/dorma10/mutation-analysis/projects/commons-imaging/src/main/java/org/apache/commons/imaging/formats/tiff/taginfos/package-info.java,0.7335900068283081
/home/dorma10/mutation-analysis/projects/commons-imaging/src/main/java/org/apache/commons/imaging/formats/tiff/taginfos/TagInfoUndefined.java,0.7035249471664429
/home/dorma10/mutation-analysis/projects/commons-imaging/src/main/java/org/apache/commons/imaging/formats/tiff/taginfos/TagInfoLongs.java,0.7597665935754776
/home/dorma10/mutation-analysis/projects/commons-imaging/src/main/java/org/apache/commons/imaging/formats/tiff/taginfos/TagInfoBytes.java,0.7423731684684753
/home/dorma10/mutation-analysis/projects/commons-imaging/src/main/java/org/apache/commons/imaging/formats/tiff/taginfos/TagInfoShort.java,0.8017896413803101
/home/dorma10/mutation-analysis/projects/commons-imaging/src/main/java/org/apache/commons/imaging/formats/tiff/taginfos/TagInfoFloats.java,0.8009968002637228
/home/dorma10/mutation-analysis/projects/commons-imaging/src/main/java/org/apache/commons/imaging/formats/tiff/taginfos/TagInfoUnknown.java,0.7281635999679565
/home/dorma10/mutation-analysis/projects/commons-imaging/src/main/java/org/apache/commons/imaging/formats/tiff/taginfos/TagInfoSLongs.java,0.7985629240671793
/home/dorma10/mutation-analysis/projects/commons-imaging/src/main/java/org/apache/commons/imaging/formats/tiff/taginfos/TagInfoXpString.java,0.5790640314420065
/home/dorma10/mutation-analysis/projects/commons-imaging/src/main/java/org/apache/commons/imaging/formats/tiff/taginfos/TagInfoUnknowns.java,0.6762701272964478
/home/dorma10/mutation-analysis/projects/commons-imaging/src/main/java/org/apache/commons/imaging/formats/tiff/taginfos/TagInfoAscii.java,0.797438363234202
/home/dorma10/mutation-analysis/projects/commons-imaging/src/main/java/org/apache/commons/imaging/formats/tiff/taginfos/TagInfoByte.java,0.7386032193899155
/home/dorma10/mutation-analysis/projects/commons-imaging/src/main/java/org/apache/commons/imaging/formats/tiff/taginfos/TagInfoShorts.java,0.8009968002637228
/home/dorma10/mutation-analysis/projects/commons-imaging/src/main/java/org/apache/commons/imaging/formats/tiff/taginfos/TagInfoShortOrLong.java,0.7248652428388596
/home/dorma10/mutation-analysis/projects/commons-imaging/src/main/java/org/apache/commons/imaging/formats/tiff/taginfos/TagInfoSBytes.java,0.8075298070907593
/home/dorma10/mutation-analysis/projects/commons-imaging/src/main/java/org/apache/commons/imaging/formats/tiff/taginfos/TagInfoRationals.java,0.7375101248423258
/home/dorma10/mutation-analysis/projects/commons-imaging/src/main/java/org/apache/commons/imaging/formats/tiff/taginfos/TagInfoAsciiOrRational.java,0.7355655431747437
/home/dorma10/mutation-analysis/projects/commons-imaging/src/main/java/org/apache/commons/imaging/formats/tiff/taginfos/TagInfoDoubles.java,0.8004202246665955
/home/dorma10/mutation-analysis/projects/commons-imaging/src/main/java/org/apache/commons/imaging/formats/tiff/taginfos/TagInfoSLong.java,0.7995496789614359
/home/dorma10/mutation-analysis/projects/commons-imaging/src/main/java/org/apache/commons/imaging/formats/tiff/taginfos/TagInfoSShort.java,0.7992000381151835
/home/dorma10/mutation-analysis/projects/commons-imaging/src/main/java/org/apache/commons/imaging/formats/tiff/taginfos/TagInfoShortOrRational.java,0.7393854260444641
/home/dorma10/mutation-analysis/projects/commons-imaging/src/main/java/org/apache/commons/imaging/formats/tiff/taginfos/TagInfoSByte.java,0.8194685876369476
/home/dorma10/mutation-analysis/projects/commons-imaging/src/main/java/org/apache/commons/imaging/formats/tiff/taginfos/TagInfoSRationals.java,0.7346931497255961
/home/dorma10/mutation-analysis/projects/commons-imaging/src/main/java/org/apache/commons/imaging/formats/tiff/taginfos/TagInfoGpsText.java,0.6987097382545471
/home/dorma10/mutation-analysis/projects/commons-imaging/src/main/java/org/apache/commons/imaging/formats/tiff/taginfos/TagInfoLong.java,0.7226794958114624
/home/dorma10/mutation-analysis/projects/commons-imaging/src/main/java/org/apache/commons/imaging/formats/tiff/taginfos/TagInfoFloat.java,0.8014461199442545
/home/dorma10/mutation-analysis/projects/commons-imaging/src/main/java/org/apache/commons/imaging/formats/tiff/taginfos/TagInfo.java,0.7740141004323959
/home/dorma10/mutation-analysis/projects/commons-imaging/src/main/java/org/apache/commons/imaging/formats/tiff/taginfos/TagInfoDirectory.java,0.7752564549446106
/home/dorma10/mutation-analysis/projects/commons-imaging/src/main/java/org/apache/commons/imaging/formats/tiff/taginfos/TagInfoAsciiOrByte.java,0.7564053535461426
/home/dorma10/mutation-analysis/projects/commons-imaging/src/main/java/org/apache/commons/imaging/formats/tiff/taginfos/TagInfoLongOrIFD.java,0.7416551262140274
/home/dorma10/mutation-analysis/projects/commons-imaging/src/main/java/org/apache/commons/imaging/formats/tiff/taginfos/TagInfoByteOrShort.java,0.8089734514554342
/home/dorma10/mutation-analysis/projects/commons-imaging/src/main/java/org/apache/commons/imaging/formats/tiff/taginfos/TagInfoRational.java,0.7376390894254049
/home/dorma10/mutation-analysis/projects/commons-imaging/src/main/java/org/apache/commons/imaging/formats/tiff/taginfos/TagInfoDouble.java,0.8000217080116272
/home/dorma10/mutation-analysis/projects/commons-imaging/src/main/java/org/apache/commons/imaging/formats/tiff/taginfos/TagInfoAny.java,0.809211790561676
/home/dorma10/mutation-analysis/projects/commons-imaging/src/main/java/org/apache/commons/imaging/formats/tiff/taginfos/TagInfoShortOrLongOrRational.java,0.7581273168325424
/home/dorma10/mutation-analysis/projects/commons-imaging/src/main/java/org/apache/commons/imaging/formats/tiff/taginfos/TagInfoSShorts.java,0.7989829778671265
/home/dorma10/mutation-analysis/projects/commons-imaging/src/main/java/org/apache/commons/imaging/formats/tiff/TiffImageMetadata.java,0.6560172422936088
/home/dorma10/mutation-analysis/projects/commons-imaging/src/main/java/org/apache/commons/imaging/formats/tiff/TiffRasterData.java,0.9395182927449545
/home/dorma10/mutation-analysis/projects/commons-imaging/src/main/java/org/apache/commons/imaging/formats/tiff/TiffHeader.java,0.7974126636981964
/home/dorma10/mutation-analysis/projects/commons-imaging/src/main/java/org/apache/commons/imaging/formats/pcx/PcxWriter.java,0.14486108775463435
/home/dorma10/mutation-analysis/projects/commons-imaging/src/main/java/org/apache/commons/imaging/formats/pcx/RleWriter.java,0.5750975509484609
/home/dorma10/mutation-analysis/projects/commons-imaging/src/main/java/org/apache/commons/imaging/formats/pcx/package-info.java,0.7727776169776917
/home/dorma10/mutation-analysis/projects/commons-imaging/src/main/java/org/apache/commons/imaging/formats/pcx/PcxConstants.java,0.9370856881141663
/home/dorma10/mutation-analysis/projects/commons-imaging/src/main/java/org/apache/commons/imaging/formats/pcx/PcxImageParser.java,0.543551029788456
/home/dorma10/mutation-analysis/projects/commons-imaging/src/main/java/org/apache/commons/imaging/formats/pcx/RleReader.java,0.5319392681121826
/home/dorma10/mutation-analysis/projects/commons-imaging/src/main/java/org/apache/commons/imaging/formats/png/ScanExpediter.java,0.6598044269614749
/home/dorma10/mutation-analysis/projects/commons-imaging/src/main/java/org/apache/commons/imaging/formats/png/chunks/PngChunkIccp.java,0.7891635596752167
/home/dorma10/mutation-analysis/projects/commons-imaging/src/main/java/org/apache/commons/imaging/formats/png/chunks/PngChunk.java,0.8370988517999649
/home/dorma10/mutation-analysis/projects/commons-imaging/src/main/java/org/apache/commons/imaging/formats/png/chunks/PngChunkPhys.java,0.7655390501022339
/home/dorma10/mutation-analysis/projects/commons-imaging/src/main/java/org/apache/commons/imaging/formats/png/chunks/package-info.java,0.7574849128723145
/home/dorma10/mutation-analysis/projects/commons-imaging/src/main/java/org/apache/commons/imaging/formats/png/chunks/PngChunkPlte.java,0.7035135254263878
/home/dorma10/mutation-analysis/projects/commons-imaging/src/main/java/org/apache/commons/imaging/formats/png/chunks/PngChunkGama.java,0.8520451486110687
/home/dorma10/mutation-analysis/projects/commons-imaging/src/main/java/org/apache/commons/imaging/formats/png/chunks/PngChunkText.java,0.8423823863267899
/home/dorma10/mutation-analysis/projects/commons-imaging/src/main/java/org/apache/commons/imaging/formats/png/chunks/PngChunkIhdr.java,0.10955096781253815
/home/dorma10/mutation-analysis/projects/commons-imaging/src/main/java/org/apache/commons/imaging/formats/png/chunks/PngChunkItxt.java,0.6830772496759892
/home/dorma10/mutation-analysis/projects/commons-imaging/src/main/java/org/apache/commons/imaging/formats/png/chunks/PngTextChunk.java,0.9418584853410721
/home/dorma10/mutation-analysis/projects/commons-imaging/src/main/java/org/apache/commons/imaging/formats/png/chunks/PngChunkZtxt.java,0.7840564176440239
/home/dorma10/mutation-analysis/projects/commons-imaging/src/main/java/org/apache/commons/imaging/formats/png/chunks/PngChunkIdat.java,0.9048737287521362
/home/dorma10/mutation-analysis/projects/commons-imaging/src/main/java/org/apache/commons/imaging/formats/png/chunks/PngChunkScal.java,0.5468347668647766
/home/dorma10/mutation-analysis/projects/commons-imaging/src/main/java/org/apache/commons/imaging/formats/png/transparencyfilters/TransparencyFilterTrueColor.java,0.5833346545696259
/home/dorma10/mutation-analysis/projects/commons-imaging/src/main/java/org/apache/commons/imaging/formats/png/transparencyfilters/package-info.java,0.6970298290252686
/home/dorma10/mutation-analysis/projects/commons-imaging/src/main/java/org/apache/commons/imaging/formats/png/transparencyfilters/TransparencyFilterGrayscale.java,0.7394449710845947
/home/dorma10/mutation-analysis/projects/commons-imaging/src/main/java/org/apache/commons/imaging/formats/png/transparencyfilters/TransparencyFilterIndexedColor.java,0.8508981466293335
/home/dorma10/mutation-analysis/projects/commons-imaging/src/main/java/org/apache/commons/imaging/formats/png/transparencyfilters/TransparencyFilter.java,0.9486128687858582
/home/dorma10/mutation-analysis/projects/commons-imaging/src/main/java/org/apache/commons/imaging/formats/png/package-info.java,0.7727776169776917
/home/dorma10/mutation-analysis/projects/commons-imaging/src/main/java/org/apache/commons/imaging/formats/png/PngImageInfo.java,0.6901123027006785
/home/dorma10/mutation-analysis/projects/commons-imaging/src/main/java/org/apache/commons/imaging/formats/png/InterlaceMethod.java,0.9722126722335815
/home/dorma10/mutation-analysis/projects/commons-imaging/src/main/java/org/apache/commons/imaging/formats/png/GammaCorrection.java,0.7015788108110428
/home/dorma10/mutation-analysis/projects/commons-imaging/src/main/java/org/apache/commons/imaging/formats/png/ScanExpediterInterlaced.java,0.5275280972321829
/home/dorma10/mutation-analysis/projects/commons-imaging/src/main/java/org/apache/commons/imaging/formats/png/ScanExpediterSimple.java,0.4120805859565735
/home/dorma10/mutation-analysis/projects/commons-imaging/src/main/java/org/apache/commons/imaging/formats/png/PhysicalScale.java,0.8963821530342102
/home/dorma10/mutation-analysis/projects/commons-imaging/src/main/java/org/apache/commons/imaging/formats/png/scanlinefilters/package-info.java,0.7154717445373535
/home/dorma10/mutation-analysis/projects/commons-imaging/src/main/java/org/apache/commons/imaging/formats/png/scanlinefilters/ScanlineFilter.java,0.8743590712547302
/home/dorma10/mutation-analysis/projects/commons-imaging/src/main/java/org/apache/commons/imaging/formats/png/scanlinefilters/ScanlineFilterSub.java,0.8592942357063293
/home/dorma10/mutation-analysis/projects/commons-imaging/src/main/java/org/apache/commons/imaging/formats/png/scanlinefilters/ScanlineFilterPaeth.java,0.7714923222859701
/home/dorma10/mutation-analysis/projects/commons-imaging/src/main/java/org/apache/commons/imaging/formats/png/scanlinefilters/ScanlineFilterNone.java,0.8533294796943665
/home/dorma10/mutation-analysis/projects/commons-imaging/src/main/java/org/apache/commons/imaging/formats/png/scanlinefilters/ScanlineFilterUp.java,0.9042332172393799
/home/dorma10/mutation-analysis/projects/commons-imaging/src/main/java/org/apache/commons/imaging/formats/png/scanlinefilters/ScanlineFilterAverage.java,0.7482492327690125
/home/dorma10/mutation-analysis/projects/commons-imaging/src/main/java/org/apache/commons/imaging/formats/png/PngText.java,0.873888835310936
/home/dorma10/mutation-analysis/projects/commons-imaging/src/main/java/org/apache/commons/imaging/formats/png/PngWriter.java,0.48754177110878216
/home/dorma10/mutation-analysis/projects/commons-imaging/src/main/java/org/apache/commons/imaging/formats/png/BitParser.java,0.47605468581120175
/home/dorma10/mutation-analysis/projects/commons-imaging/src/main/java/org/apache/commons/imaging/formats/png/ChunkType.java,0.9917013049125671
/home/dorma10/mutation-analysis/projects/commons-imaging/src/main/java/org/apache/commons/imaging/formats/png/PngColorType.java,0.7672842741012573
/home/dorma10/mutation-analysis/projects/commons-imaging/src/main/java/org/apache/commons/imaging/formats/png/PngConstants.java,0.9370856881141663
/home/dorma10/mutation-analysis/projects/commons-imaging/src/main/java/org/apache/commons/imaging/formats/png/FilterType.java,0.9453591108322144
/home/dorma10/mutation-analysis/projects/commons-imaging/src/main/java/org/apache/commons/imaging/formats/png/PngImageParser.java,0.5093255426535117
/home/dorma10/mutation-analysis/projects/commons-imaging/src/main/java/org/apache/commons/imaging/formats/png/PngCrc.java,0.8743577798207601
/home/dorma10/mutation-analysis/projects/commons-imaging/src/main/java/org/apache/commons/imaging/formats/gif/GifHeaderInfo.java,0.4145241379737854
/home/dorma10/mutation-analysis/projects/commons-imaging/src/main/java/org/apache/commons/imaging/formats/gif/package-info.java,0.7727776169776917
/home/dorma10/mutation-analysis/projects/commons-imaging/src/main/java/org/apache/commons/imaging/formats/gif/GifImageContents.java,0.6949974894523621
/home/dorma10/mutation-analysis/projects/commons-imaging/src/main/java/org/apache/commons/imaging/formats/gif/GifBlock.java,0.9004351496696472
/home/dorma10/mutation-analysis/projects/commons-imaging/src/main/java/org/apache/commons/imaging/formats/gif/GifImageMetadata.java,0.7444496333599091
/home/dorma10/mutation-analysis/projects/commons-imaging/src/main/java/org/apache/commons/imaging/formats/gif/ImageDescriptor.java,0.7160336971282959
/home/dorma10/mutation-analysis/projects/commons-imaging/src/main/java/org/apache/commons/imaging/formats/gif/GenericGifBlock.java,0.7570844292640686
/home/dorma10/mutation-analysis/projects/commons-imaging/src/main/java/org/apache/commons/imaging/formats/gif/GifImageParser.java,0.551404160214588
/home/dorma10/mutation-analysis/projects/commons-imaging/src/main/java/org/apache/commons/imaging/formats/gif/GraphicControlExtension.java,0.8404605388641357
/home/dorma10/mutation-analysis/projects/commons-imaging/src/main/java/org/apache/commons/imaging/formats/gif/DisposalMethod.java,0.9633656144142151
/home/dorma10/mutation-analysis/projects/commons-imaging/src/main/java/org/apache/commons/imaging/formats/gif/GifImageMetadataItem.java,0.812772810459137
/home/dorma10/mutation-analysis/projects/commons-imaging/src/main/java/org/apache/commons/imaging/formats/gif/GifImageData.java,0.7164487242698669
/home/dorma10/mutation-analysis/projects/commons-imaging/src/main/java/org/apache/commons/imaging/formats/psd/dataparsers/DataParserIndexed.java,0.6474249710639318
/home/dorma10/mutation-analysis/projects/commons-imaging/src/main/java/org/apache/commons/imaging/formats/psd/dataparsers/package-info.java,0.7263789772987366
/home/dorma10/mutation-analysis/projects/commons-imaging/src/main/java/org/apache/commons/imaging/formats/psd/dataparsers/DataParserCmyk.java,0.8718461692333221
/home/dorma10/mutation-analysis/projects/commons-imaging/src/main/java/org/apache/commons/imaging/formats/psd/dataparsers/DataParserBitmap.java,0.6670433431863785
/home/dorma10/mutation-analysis/projects/commons-imaging/src/main/java/org/apache/commons/imaging/formats/psd/dataparsers/DataParserRgb.java,0.7006586492061615
/home/dorma10/mutation-analysis/projects/commons-imaging/src/main/java/org/apache/commons/imaging/formats/psd/dataparsers/DataParserGrayscale.java,0.7808821499347687
/home/dorma10/mutation-analysis/projects/commons-imaging/src/main/java/org/apache/commons/imaging/formats/psd/dataparsers/DataParser.java,0.7431129515171051
/home/dorma10/mutation-analysis/projects/commons-imaging/src/main/java/org/apache/commons/imaging/formats/psd/dataparsers/DataParserLab.java,0.7965397834777832
/home/dorma10/mutation-analysis/projects/commons-imaging/src/main/java/org/apache/commons/imaging/formats/psd/dataparsers/DataParserStub.java,0.9415128231048584
/home/dorma10/mutation-analysis/projects/commons-imaging/src/main/java/org/apache/commons/imaging/formats/psd/package-info.java,0.7727776169776917
/home/dorma10/mutation-analysis/projects/commons-imaging/src/main/java/org/apache/commons/imaging/formats/psd/ImageResourceType.java,0.8546939293543497
/home/dorma10/mutation-analysis/projects/commons-imaging/src/main/java/org/apache/commons/imaging/formats/psd/PsdImageParser.java,0.7022079967934153
/home/dorma10/mutation-analysis/projects/commons-imaging/src/main/java/org/apache/commons/imaging/formats/psd/datareaders/UncompressedDataReader.java,0.646724671125412
/home/dorma10/mutation-analysis/projects/commons-imaging/src/main/java/org/apache/commons/imaging/formats/psd/datareaders/package-info.java,0.7263789772987366
/home/dorma10/mutation-analysis/projects/commons-imaging/src/main/java/org/apache/commons/imaging/formats/psd/datareaders/CompressedDataReader.java,0.5596660673618317
/home/dorma10/mutation-analysis/projects/commons-imaging/src/main/java/org/apache/commons/imaging/formats/psd/datareaders/DataReader.java,0.6020756959915161
/home/dorma10/mutation-analysis/projects/commons-imaging/src/main/java/org/apache/commons/imaging/formats/psd/PsdImageContents.java,0.6873041391372681
/home/dorma10/mutation-analysis/projects/commons-imaging/src/main/java/org/apache/commons/imaging/formats/psd/PsdHeaderInfo.java,0.6855040192604065
/home/dorma10/mutation-analysis/projects/commons-imaging/src/main/java/org/apache/commons/imaging/formats/psd/ImageResourceBlock.java,0.8611496686935425
/home/dorma10/mutation-analysis/projects/commons-imaging/src/main/java/org/apache/commons/imaging/formats/ico/IcoImageParser.java,0.6949524631777811
/home/dorma10/mutation-analysis/projects/commons-imaging/src/main/java/org/apache/commons/imaging/formats/ico/package-info.java,0.7727053761482239
/home/dorma10/mutation-analysis/projects/commons-imaging/src/main/java/org/apache/commons/imaging/formats/xpm/package-info.java,0.7866441607475281
/home/dorma10/mutation-analysis/projects/commons-imaging/src/main/java/org/apache/commons/imaging/formats/xpm/XpmImageParser.java,0.4637099271553948
/home/dorma10/mutation-analysis/projects/commons-imaging/src/main/java/org/apache/commons/imaging/formats/icns/package-info.java,0.7693236470222473
/home/dorma10/mutation-analysis/projects/commons-imaging/src/main/java/org/apache/commons/imaging/formats/icns/IcnsDecoder.java,0.36237813122570517
/home/dorma10/mutation-analysis/projects/commons-imaging/src/main/java/org/apache/commons/imaging/formats/icns/Rle24Compression.java,0.5816706418991089
/home/dorma10/mutation-analysis/projects/commons-imaging/src/main/java/org/apache/commons/imaging/formats/icns/IcnsImageParser.java,0.6112776347214267
/home/dorma10/mutation-analysis/projects/commons-imaging/src/main/java/org/apache/commons/imaging/formats/icns/IcnsType.java,0.3087219297885895
/home/dorma10/mutation-analysis/projects/commons-imaging/src/main/java/org/apache/commons/imaging/formats/pnm/PnmWriter.java,0.31153377890586853
/home/dorma10/mutation-analysis/projects/commons-imaging/src/main/java/org/apache/commons/imaging/formats/pnm/package-info.java,0.7728734612464905
/home/dorma10/mutation-analysis/projects/commons-imaging/src/main/java/org/apache/commons/imaging/formats/pnm/WhiteSpaceReader.java,0.7840241134166718
/home/dorma10/mutation-analysis/projects/commons-imaging/src/main/java/org/apache/commons/imaging/formats/pnm/PbmFileInfo.java,0.8633360971104015
/home/dorma10/mutation-analysis/projects/commons-imaging/src/main/java/org/apache/commons/imaging/formats/pnm/PamWriter.java,0.0976950079202652
/home/dorma10/mutation-analysis/projects/commons-imaging/src/main/java/org/apache/commons/imaging/formats/pnm/PnmConstants.java,0.9370856881141663
/home/dorma10/mutation-analysis/projects/commons-imaging/src/main/java/org/apache/commons/imaging/formats/pnm/PgmWriter.java,0.5491336062550545
/home/dorma10/mutation-analysis/projects/commons-imaging/src/main/java/org/apache/commons/imaging/formats/pnm/PpmWriter.java,0.4983395114541054
/home/dorma10/mutation-analysis/projects/commons-imaging/src/main/java/org/apache/commons/imaging/formats/pnm/PamFileInfo.java,0.773486106273006
/home/dorma10/mutation-analysis/projects/commons-imaging/src/main/java/org/apache/commons/imaging/formats/pnm/PgmFileInfo.java,0.8102638781070709
/home/dorma10/mutation-analysis/projects/commons-imaging/src/main/java/org/apache/commons/imaging/formats/pnm/PnmImageParser.java,0.6567385561232056
/home/dorma10/mutation-analysis/projects/commons-imaging/src/main/java/org/apache/commons/imaging/formats/pnm/PbmWriter.java,0.4943117070943117
/home/dorma10/mutation-analysis/projects/commons-imaging/src/main/java/org/apache/commons/imaging/formats/pnm/FileInfo.java,0.8590701690741948
/home/dorma10/mutation-analysis/projects/commons-imaging/src/main/java/org/apache/commons/imaging/formats/pnm/PpmFileInfo.java,0.7936723291873932
/home/dorma10/mutation-analysis/projects/commons-imaging/src/main/java/org/apache/commons/imaging/formats/jpeg/JpegImageMetadata.java,0.7527021055038159
/home/dorma10/mutation-analysis/projects/commons-imaging/src/main/java/org/apache/commons/imaging/formats/jpeg/package-info.java,0.7693236470222473
/home/dorma10/mutation-analysis/projects/commons-imaging/src/main/java/org/apache/commons/imaging/formats/jpeg/iptc/package-info.java,0.7583868503570557
/home/dorma10/mutation-analysis/projects/commons-imaging/src/main/java/org/apache/commons/imaging/formats/jpeg/iptc/IptcRecord.java,0.9106892148653666
/home/dorma10/mutation-analysis/projects/commons-imaging/src/main/java/org/apache/commons/imaging/formats/jpeg/iptc/IptcParser.java,0.44824625505134463
/home/dorma10/mutation-analysis/projects/commons-imaging/src/main/java/org/apache/commons/imaging/formats/jpeg/iptc/IptcType.java,0.7966687083244324
/home/dorma10/mutation-analysis/projects/commons-imaging/src/main/java/org/apache/commons/imaging/formats/jpeg/iptc/IptcBlock.java,0.8861919522285462
/home/dorma10/mutation-analysis/projects/commons-imaging/src/main/java/org/apache/commons/imaging/formats/jpeg/iptc/JpegIptcRewriter.java,0.7734690013652047
/home/dorma10/mutation-analysis/projects/commons-imaging/src/main/java/org/apache/commons/imaging/formats/jpeg/iptc/IptcTypeLookup.java,0.8724599182605743
/home/dorma10/mutation-analysis/projects/commons-imaging/src/main/java/org/apache/commons/imaging/formats/jpeg/iptc/IptcTypes.java,0.32570594549179077
/home/dorma10/mutation-analysis/projects/commons-imaging/src/main/java/org/apache/commons/imaging/formats/jpeg/iptc/IptcConstants.java,0.9284050464630127
/home/dorma10/mutation-analysis/projects/commons-imaging/src/main/java/org/apache/commons/imaging/formats/jpeg/iptc/PhotoshopApp13Data.java,0.6394531726837158
/home/dorma10/mutation-analysis/projects/commons-imaging/src/main/java/org/apache/commons/imaging/formats/jpeg/JpegImageParser.java,0.7597918056616014
/home/dorma10/mutation-analysis/projects/commons-imaging/src/main/java/org/apache/commons/imaging/formats/jpeg/xmp/package-info.java,0.7707993984222412
/home/dorma10/mutation-analysis/projects/commons-imaging/src/main/java/org/apache/commons/imaging/formats/jpeg/xmp/JpegXmpParser.java,0.7508236169815063
/home/dorma10/mutation-analysis/projects/commons-imaging/src/main/java/org/apache/commons/imaging/formats/jpeg/xmp/JpegRewriter.java,0.6878087184121532
/home/dorma10/mutation-analysis/projects/commons-imaging/src/main/java/org/apache/commons/imaging/formats/jpeg/xmp/JpegXmpRewriter.java,0.8534185489018759
/home/dorma10/mutation-analysis/projects/commons-imaging/src/main/java/org/apache/commons/imaging/formats/jpeg/decoder/package-info.java,0.7596442103385925
/home/dorma10/mutation-analysis/projects/commons-imaging/src/main/java/org/apache/commons/imaging/formats/jpeg/decoder/Dct.java,0.5471240449389572
/home/dorma10/mutation-analysis/projects/commons-imaging/src/main/java/org/apache/commons/imaging/formats/jpeg/decoder/Block.java,0.9498276114463806
/home/dorma10/mutation-analysis/projects/commons-imaging/src/main/java/org/apache/commons/imaging/formats/jpeg/decoder/YCbCrConverter.java,0.864628811677297
/home/dorma10/mutation-analysis/projects/commons-imaging/src/main/java/org/apache/commons/imaging/formats/jpeg/decoder/JpegInputStream.java,0.7705698534846306
/home/dorma10/mutation-analysis/projects/commons-imaging/src/main/java/org/apache/commons/imaging/formats/jpeg/decoder/JpegDecoder.java,0.5205754862310221
/home/dorma10/mutation-analysis/projects/commons-imaging/src/main/java/org/apache/commons/imaging/formats/jpeg/decoder/ZigZag.java,0.9095467726389567
/home/dorma10/mutation-analysis/projects/commons-imaging/src/main/java/org/apache/commons/imaging/formats/jpeg/JpegConstants.java,0.9284050464630127
/home/dorma10/mutation-analysis/projects/commons-imaging/src/main/java/org/apache/commons/imaging/formats/jpeg/JpegUtils.java,0.7907031144946813
/home/dorma10/mutation-analysis/projects/commons-imaging/src/main/java/org/apache/commons/imaging/formats/jpeg/segments/JfifSegment.java,0.7712947130203247
/home/dorma10/mutation-analysis/projects/commons-imaging/src/main/java/org/apache/commons/imaging/formats/jpeg/segments/GenericSegment.java,0.861817445073809
/home/dorma10/mutation-analysis/projects/commons-imaging/src/main/java/org/apache/commons/imaging/formats/jpeg/segments/ComSegment.java,0.8709208965301514
/home/dorma10/mutation-analysis/projects/commons-imaging/src/main/java/org/apache/commons/imaging/formats/jpeg/segments/package-info.java,0.7487164735794067
/home/dorma10/mutation-analysis/projects/commons-imaging/src/main/java/org/apache/commons/imaging/formats/jpeg/segments/SosSegment.java,0.8536320626735687
/home/dorma10/mutation-analysis/projects/commons-imaging/src/main/java/org/apache/commons/imaging/formats/jpeg/segments/DqtSegment.java,0.7434829771518707
/home/dorma10/mutation-analysis/projects/commons-imaging/src/main/java/org/apache/commons/imaging/formats/jpeg/segments/App2Segment.java,0.8307094176610311
/home/dorma10/mutation-analysis/projects/commons-imaging/src/main/java/org/apache/commons/imaging/formats/jpeg/segments/AppnSegment.java,0.7480973899364471
/home/dorma10/mutation-analysis/projects/commons-imaging/src/main/java/org/apache/commons/imaging/formats/jpeg/segments/Segment.java,0.9536441326141357
/home/dorma10/mutation-analysis/projects/commons-imaging/src/main/java/org/apache/commons/imaging/formats/jpeg/segments/DhtSegment.java,0.7781936749815941
/home/dorma10/mutation-analysis/projects/commons-imaging/src/main/java/org/apache/commons/imaging/formats/jpeg/segments/App14Segment.java,0.8224870711565018
/home/dorma10/mutation-analysis/projects/commons-imaging/src/main/java/org/apache/commons/imaging/formats/jpeg/segments/UnknownSegment.java,0.883103589216868
/home/dorma10/mutation-analysis/projects/commons-imaging/src/main/java/org/apache/commons/imaging/formats/jpeg/segments/App13Segment.java,0.833336129784584
/home/dorma10/mutation-analysis/projects/commons-imaging/src/main/java/org/apache/commons/imaging/formats/jpeg/segments/SofnSegment.java,0.7564919044574102
/home/dorma10/mutation-analysis/projects/commons-imaging/src/main/java/org/apache/commons/imaging/formats/jpeg/JpegPhotoshopMetadata.java,0.7285081148147583
/home/dorma10/mutation-analysis/projects/commons-imaging/src/main/java/org/apache/commons/imaging/formats/jpeg/exif/ExifRewriter.java,0.8381767847708294
/home/dorma10/mutation-analysis/projects/commons-imaging/src/main/java/org/apache/commons/imaging/formats/jpeg/exif/package-info.java,0.7600188851356506
/home/dorma10/mutation-analysis/projects/commons-imaging/src/main/java/org/apache/commons/imaging/formats/dcx/package-info.java,0.7727776169776917
/home/dorma10/mutation-analysis/projects/commons-imaging/src/main/java/org/apache/commons/imaging/formats/dcx/DcxImageParser.java,0.6858924087136984
/home/dorma10/mutation-analysis/projects/commons-imaging/src/main/java/org/apache/commons/imaging/formats/rgbe/package-info.java,0.7686781883239746
/home/dorma10/mutation-analysis/projects/commons-imaging/src/main/java/org/apache/commons/imaging/formats/rgbe/RgbeInfo.java,0.653354631529914
/home/dorma10/mutation-analysis/projects/commons-imaging/src/main/java/org/apache/commons/imaging/formats/rgbe/InfoHeaderReader.java,0.8778315186500549
/home/dorma10/mutation-analysis/projects/commons-imaging/src/main/java/org/apache/commons/imaging/formats/rgbe/RgbeImageParser.java,0.6989041864871979
/home/dorma10/mutation-analysis/projects/commons-imaging/src/main/java/org/apache/commons/imaging/formats/wbmp/package-info.java,0.7753828763961792
/home/dorma10/mutation-analysis/projects/commons-imaging/src/main/java/org/apache/commons/imaging/formats/wbmp/WbmpImageParser.java,0.6341321104102664
/home/dorma10/mutation-analysis/projects/commons-imaging/src/main/java/org/apache/commons/imaging/ImagingException.java,0.861863762140274
/home/dorma10/mutation-analysis/projects/commons-imaging/src/test/java/org/apache/commons/imaging/ImagingTestConstants.java,0.980699360370636
/home/dorma10/mutation-analysis/projects/commons-imaging/src/test/java/org/apache/commons/imaging/ImagingGuessFormatTest.java,0.711638480424881
/home/dorma10/mutation-analysis/projects/commons-imaging/src/test/java/org/apache/commons/imaging/ImagingTest.java,0.6936739550696479
/home/dorma10/mutation-analysis/projects/commons-imaging/src/test/java/org/apache/commons/imaging/test/util/FileSystemTraversal.java,0.8482110283591531
/home/dorma10/mutation-analysis/projects/commons-imaging/src/test/java/org/apache/commons/imaging/palette/SimplePaletteTest.java,0.7058348655700684
/home/dorma10/mutation-analysis/projects/commons-imaging/src/test/java/org/apache/commons/imaging/palette/DitheringTest.java,0.13212089240550995
/home/dorma10/mutation-analysis/projects/commons-imaging/src/test/java/org/apache/commons/imaging/palette/PaletteQuantizationTest.java,0.20530834700912237
/home/dorma10/mutation-analysis/projects/commons-imaging/src/test/java/org/apache/commons/imaging/ImageDumpTest.java,0.7337521016597748
/home/dorma10/mutation-analysis/projects/commons-imaging/src/test/java/org/apache/commons/imaging/TestImageReadException.java,0.6826910376548767
/home/dorma10/mutation-analysis/projects/commons-imaging/src/test/java/org/apache/commons/imaging/color/ColorCieLuvTest.java,0.8475785056749979
/home/dorma10/mutation-analysis/projects/commons-imaging/src/test/java/org/apache/commons/imaging/color/ColorCmyTest.java,0.8671571697507586
/home/dorma10/mutation-analysis/projects/commons-imaging/src/test/java/org/apache/commons/imaging/color/ColorCieLabTest.java,0.8449290792147318
/home/dorma10/mutation-analysis/projects/commons-imaging/src/test/java/org/apache/commons/imaging/color/ColorCmykTest.java,0.8495786360331944
/home/dorma10/mutation-analysis/projects/commons-imaging/src/test/java/org/apache/commons/imaging/color/ColorHunterLabTest.java,0.8444440960884094
/home/dorma10/mutation-analysis/projects/commons-imaging/src/test/java/org/apache/commons/imaging/color/ColorXyzTest.java,0.850876251856486
/home/dorma10/mutation-analysis/projects/commons-imaging/src/test/java/org/apache/commons/imaging/color/ColorConversionsTest.java,0.4707521125674248
/home/dorma10/mutation-analysis/projects/commons-imaging/src/test/java/org/apache/commons/imaging/color/ColorHslTest.java,0.8563193167958941
/home/dorma10/mutation-analysis/projects/commons-imaging/src/test/java/org/apache/commons/imaging/color/ColorHsvTest.java,0.850876251856486
/home/dorma10/mutation-analysis/projects/commons-imaging/src/test/java/org/apache/commons/imaging/color/ColorCieLchTest.java,0.8475785056749979
/home/dorma10/mutation-analysis/projects/commons-imaging/src/test/java/org/apache/commons/imaging/common/bytesource/ByteSourceTest.java,0.7072059512138367
/home/dorma10/mutation-analysis/projects/commons-imaging/src/test/java/org/apache/commons/imaging/common/bytesource/ByteSourceDataTest.java,0.7388221224149069
/home/dorma10/mutation-analysis/projects/commons-imaging/src/test/java/org/apache/commons/imaging/common/bytesource/ByteSourceImageTest.java,0.5464213916233608
/home/dorma10/mutation-analysis/projects/commons-imaging/src/test/java/org/apache/commons/imaging/common/bytesource/ByteSourceInputStreamTest.java,0.6292755007743835
/home/dorma10/mutation-analysis/projects/commons-imaging/src/test/java/org/apache/commons/imaging/common/RationalNumberTest.java,0.412360668288793
/home/dorma10/mutation-analysis/projects/commons-imaging/src/test/java/org/apache/commons/imaging/common/itu_t4/HuffmanTreeExceptionTest.java,0.6283729076385498
/home/dorma10/mutation-analysis/projects/commons-imaging/src/test/java/org/apache/commons/imaging/common/itu_t4/T4_T6_TablesTest.java,0.3768705427646637
/home/dorma10/mutation-analysis/projects/commons-imaging/src/test/java/org/apache/commons/imaging/common/BinaryFileFunctionsTest.java,0.4239342659711838
/home/dorma10/mutation-analysis/projects/commons-imaging/src/test/java/org/apache/commons/imaging/common/RgbBufferedImageFactoryTest.java,0.44878432154655457
/home/dorma10/mutation-analysis/projects/commons-imaging/src/test/java/org/apache/commons/imaging/examples/WriteExifMetadataExample.java,0.5613464340567589
/home/dorma10/mutation-analysis/projects/commons-imaging/src/test/java/org/apache/commons/imaging/examples/MetadataExample.java,0.5599290728569031
/home/dorma10/mutation-analysis/projects/commons-imaging/src/test/java/org/apache/commons/imaging/examples/tiff/ExampleReadFloatingPointData.java,0.04251544550061226
/home/dorma10/mutation-analysis/projects/commons-imaging/src/test/java/org/apache/commons/imaging/examples/tiff/package-info.java,0.7721397280693054
/home/dorma10/mutation-analysis/projects/commons-imaging/src/test/java/org/apache/commons/imaging/examples/tiff/ReadTagsAndImages.java,0.2332739382982254
/home/dorma10/mutation-analysis/projects/commons-imaging/src/test/java/org/apache/commons/imaging/examples/tiff/ReadAndRenderFloatingPoint.java,0.06360682845115662
/home/dorma10/mutation-analysis/projects/commons-imaging/src/test/java/org/apache/commons/imaging/examples/SampleUsage.java,0.5319926142692566
/home/dorma10/mutation-analysis/projects/commons-imaging/src/test/java/org/apache/commons/imaging/examples/ApacheImagingSpeedAndMemoryTest.java,0.4343557236716151
/home/dorma10/mutation-analysis/projects/commons-imaging/src/test/java/org/apache/commons/imaging/examples/ImageReadExample.java,0.7420870463053385
/home/dorma10/mutation-analysis/projects/commons-imaging/src/test/java/org/apache/commons/imaging/examples/ImageWriteExample.java,0.6269722580909729
/home/dorma10/mutation-analysis/projects/commons-imaging/src/test/java/org/apache/commons/imaging/TestImageWriteException.java,0.6266344636678696
/home/dorma10/mutation-analysis/projects/commons-imaging/src/test/java/org/apache/commons/imaging/TestImageInfo.java,0.5286680608987808
/home/dorma10/mutation-analysis/projects/commons-imaging/src/test/java/org/apache/commons/imaging/roundtrip/FormatInfo.java,0.8442933559417725
/home/dorma10/mutation-analysis/projects/commons-imaging/src/test/java/org/apache/commons/imaging/roundtrip/NullParametersRoundtripTest.java,0.6015170514583588
/home/dorma10/mutation-analysis/projects/commons-imaging/src/test/java/org/apache/commons/imaging/roundtrip/RoundtripBase.java,0.21489618718624115
/home/dorma10/mutation-analysis/projects/commons-imaging/src/test/java/org/apache/commons/imaging/roundtrip/GrayscaleRountripTest.java,0.6208029091358185
/home/dorma10/mutation-analysis/projects/commons-imaging/src/test/java/org/apache/commons/imaging/roundtrip/LimitedColorRoundtripTest.java,0.536508321762085
/home/dorma10/mutation-analysis/projects/commons-imaging/src/test/java/org/apache/commons/imaging/roundtrip/TestImages.java,0.610315352678299
/home/dorma10/mutation-analysis/projects/commons-imaging/src/test/java/org/apache/commons/imaging/roundtrip/ImageAsserts.java,0.6077019542455673
/home/dorma10/mutation-analysis/projects/commons-imaging/src/test/java/org/apache/commons/imaging/roundtrip/BitmapRoundtripTest.java,0.6483286917209625
/home/dorma10/mutation-analysis/projects/commons-imaging/src/test/java/org/apache/commons/imaging/roundtrip/PixelDensityRoundtrip.java,0.45123596489429474
/home/dorma10/mutation-analysis/projects/commons-imaging/src/test/java/org/apache/commons/imaging/roundtrip/FullColorRoundtrip.java,0.461687907576561
/home/dorma10/mutation-analysis/projects/commons-imaging/src/test/java/org/apache/commons/imaging/formats/bmp/BmpRoundtripTest.java,0.7081001538496751
/home/dorma10/mutation-analysis/projects/commons-imaging/src/test/java/org/apache/commons/imaging/formats/bmp/BmpReadTest.java,0.7230930626392365
/home/dorma10/mutation-analysis/projects/commons-imaging/src/test/java/org/apache/commons/imaging/formats/bmp/BmpBaseTest.java,0.7158788442611694
/home/dorma10/mutation-analysis/projects/commons-imaging/src/test/java/org/apache/commons/imaging/formats/bmp/BmpWriterRgbTest.java,0.45100265741348267
/home/dorma10/mutation-analysis/projects/commons-imaging/src/test/java/org/apache/commons/imaging/formats/xbm/XbmReadTest.java,0.5047858953475952
/home/dorma10/mutation-analysis/projects/commons-imaging/src/test/java/org/apache/commons/imaging/formats/xbm/XbmBaseTest.java,0.768412858247757
/home/dorma10/mutation-analysis/projects/commons-imaging/src/test/java/org/apache/commons/imaging/formats/tiff/TiffTagsTest.java,0.8110844492912292
/home/dorma10/mutation-analysis/projects/commons-imaging/src/test/java/org/apache/commons/imaging/formats/tiff/write/TiffOutputSetTest.java,0.6789998114109039
/home/dorma10/mutation-analysis/projects/commons-imaging/src/test/java/org/apache/commons/imaging/formats/tiff/write/TiffOutputDirectoryTest.java,0.5201171040534973
/home/dorma10/mutation-analysis/projects/commons-imaging/src/test/java/org/apache/commons/imaging/formats/tiff/TiffBaseTest.java,0.6934910118579865
/home/dorma10/mutation-analysis/projects/commons-imaging/src/test/java/org/apache/commons/imaging/formats/tiff/TiffReadWriteTagsTest.java,0.010423333384096622
/home/dorma10/mutation-analysis/projects/commons-imaging/src/test/java/org/apache/commons/imaging/formats/tiff/TiffFloatingPointRoundTripTest.java,0.30874699164026725
/home/dorma10/mutation-analysis/projects/commons-imaging/src/test/java/org/apache/commons/imaging/formats/tiff/TiffRasterStatisticsTest.java,0.7990223243832588
/home/dorma10/mutation-analysis/projects/commons-imaging/src/test/java/org/apache/commons/imaging/formats/tiff/TiffCcittTest.java,0.33176740468479693
/home/dorma10/mutation-analysis/projects/commons-imaging/src/test/java/org/apache/commons/imaging/formats/tiff/TiffRoundtripTest.java,0.2279798835515976
/home/dorma10/mutation-analysis/projects/commons-imaging/src/test/java/org/apache/commons/imaging/formats/tiff/TiffFloatingPointReadTest.java,0.467990105971694
/home/dorma10/mutation-analysis/projects/commons-imaging/src/test/java/org/apache/commons/imaging/formats/tiff/TiffRasterDataTest.java,0.7629705965518951
/home/dorma10/mutation-analysis/projects/commons-imaging/src/test/java/org/apache/commons/imaging/formats/tiff/TiffReadTest.java,0.4844712018966675
/home/dorma10/mutation-analysis/projects/commons-imaging/src/test/java/org/apache/commons/imaging/formats/tiff/fieldtypes/FieldTypeShortTest.java,0.5108082890510559
/home/dorma10/mutation-analysis/projects/commons-imaging/src/test/java/org/apache/commons/imaging/formats/tiff/fieldtypes/FieldTypeTest.java,0.6868261694908142
/home/dorma10/mutation-analysis/projects/commons-imaging/src/test/java/org/apache/commons/imaging/formats/tiff/fieldtypes/FieldTypeLongTest.java,0.45675790309906006
/home/dorma10/mutation-analysis/projects/commons-imaging/src/test/java/org/apache/commons/imaging/formats/tiff/fieldtypes/FieldTypeByteTest.java,0.5954983830451965
/home/dorma10/mutation-analysis/projects/commons-imaging/src/test/java/org/apache/commons/imaging/formats/tiff/fieldtypes/FieldTypeAsciiTest.java,0.4830295145511627
/home/dorma10/mutation-analysis/projects/commons-imaging/src/test/java/org/apache/commons/imaging/formats/tiff/fieldtypes/FieldTypeRationalTest.java,0.4928029328584671
/home/dorma10/mutation-analysis/projects/commons-imaging/src/test/java/org/apache/commons/imaging/formats/tiff/datareaders/DataReaderStripsTest.java,0.2010977417230606
/home/dorma10/mutation-analysis/projects/commons-imaging/src/test/java/org/apache/commons/imaging/formats/tiff/JpegImageDataTest.java,0.7109860181808472
/home/dorma10/mutation-analysis/projects/commons-imaging/src/test/java/org/apache/commons/imaging/formats/tiff/TiffLzwTest.java,0.7300829041956199
/home/dorma10/mutation-analysis/projects/commons-imaging/src/test/java/org/apache/commons/imaging/formats/tiff/photometricinterpreters/floatingpoint/PhotometricInterpreterFloatTest.java,0.7149132889780131
/home/dorma10/mutation-analysis/projects/commons-imaging/src/test/java/org/apache/commons/imaging/formats/tiff/photometricinterpreters/floatingpoint/PaletteEntryForRangeTest.java,0.7809058427810669
/home/dorma10/mutation-analysis/projects/commons-imaging/src/test/java/org/apache/commons/imaging/formats/tiff/photometricinterpreters/floatingpoint/PaletteEntryForValueTest.java,0.7511799335479736
/home/dorma10/mutation-analysis/projects/commons-imaging/src/test/java/org/apache/commons/imaging/formats/tiff/photometricinterpreters/PhotometricInterpreterRgbTest.java,0.6352303226788839
/home/dorma10/mutation-analysis/projects/commons-imaging/src/test/java/org/apache/commons/imaging/formats/tiff/photometricinterpreters/PhotometricInterpreterLogLuvTest.java,0.5946850010326931
/home/dorma10/mutation-analysis/projects/commons-imaging/src/test/java/org/apache/commons/imaging/formats/tiff/taginfos/TagInfoSShortTest.java,0.4996230900287628
/home/dorma10/mutation-analysis/projects/commons-imaging/src/test/java/org/apache/commons/imaging/formats/tiff/taginfos/TagInfoUnknownTest.java,0.6288464665412903
/home/dorma10/mutation-analysis/projects/commons-imaging/src/test/java/org/apache/commons/imaging/formats/tiff/taginfos/TagInfoByteOrShortTest.java,0.48731374740600586
/home/dorma10/mutation-analysis/projects/commons-imaging/src/test/java/org/apache/commons/imaging/formats/tiff/taginfos/TagInfoSLongTest.java,0.39347878098487854
/home/dorma10/mutation-analysis/projects/commons-imaging/src/test/java/org/apache/commons/imaging/formats/tiff/taginfos/TagInfoByteTest.java,0.5492871403694153
/home/dorma10/mutation-analysis/projects/commons-imaging/src/test/java/org/apache/commons/imaging/formats/tiff/taginfos/TagInfoSBytesTest.java,0.6129561066627502
/home/dorma10/mutation-analysis/projects/commons-imaging/src/test/java/org/apache/commons/imaging/formats/tiff/taginfos/TagInfoSByteTest.java,0.5618699193000793
/home/dorma10/mutation-analysis/projects/commons-imaging/src/test/java/org/apache/commons/imaging/formats/tiff/taginfos/TagInfoSShortsTest.java,0.48887941241264343
/home/dorma10/mutation-analysis/projects/commons-imaging/src/test/java/org/apache/commons/imaging/formats/tiff/TiffSubImageTest.java,0.2948885440826416
/home/dorma10/mutation-analysis/projects/commons-imaging/src/test/java/org/apache/commons/imaging/formats/tiff/TiffTagIntegrityTest.java,0.44198761880397797
/home/dorma10/mutation-analysis/projects/commons-imaging/src/test/java/org/apache/commons/imaging/formats/pcx/PcxReadTest.java,0.4318384826183319
/home/dorma10/mutation-analysis/projects/commons-imaging/src/test/java/org/apache/commons/imaging/formats/pcx/RleReaderTest.java,0.4459019899368286
/home/dorma10/mutation-analysis/projects/commons-imaging/src/test/java/org/apache/commons/imaging/formats/pcx/PcxBaseTest.java,0.768412858247757
/home/dorma10/mutation-analysis/projects/commons-imaging/src/test/java/org/apache/commons/imaging/formats/xmp/XmpDumpTest.java,0.7154164910316467
/home/dorma10/mutation-analysis/projects/commons-imaging/src/test/java/org/apache/commons/imaging/formats/xmp/XmpUpdateTest.java,0.6109308004379272
/home/dorma10/mutation-analysis/projects/commons-imaging/src/test/java/org/apache/commons/imaging/formats/png/chunks/PngChunkIccpTest.java,0.3807971253991127
/home/dorma10/mutation-analysis/projects/commons-imaging/src/test/java/org/apache/commons/imaging/formats/png/chunks/PngChunkTextTest.java,0.7519991993904114
/home/dorma10/mutation-analysis/projects/commons-imaging/src/test/java/org/apache/commons/imaging/formats/png/chunks/PngChunkScalTest.java,0.6774254526410785
/home/dorma10/mutation-analysis/projects/commons-imaging/src/test/java/org/apache/commons/imaging/formats/png/PngWithInvalidPngChunkSizeTest.java,0.6676495373249054
/home/dorma10/mutation-analysis/projects/commons-imaging/src/test/java/org/apache/commons/imaging/formats/png/transparencyfilters/TransparencyFilterIndexedColorTest.java,0.4004484713077545
/home/dorma10/mutation-analysis/projects/commons-imaging/src/test/java/org/apache/commons/imaging/formats/png/PngReadTest.java,0.6303059458732605
/home/dorma10/mutation-analysis/projects/commons-imaging/src/test/java/org/apache/commons/imaging/formats/png/ConvertPngToGifTest.java,0.500063955783844
/home/dorma10/mutation-analysis/projects/commons-imaging/src/test/java/org/apache/commons/imaging/formats/png/PngCrcTest.java,0.8748254179954529
/home/dorma10/mutation-analysis/projects/commons-imaging/src/test/java/org/apache/commons/imaging/formats/png/scanlinefilters/ScanlineFilterUpTest.java,0.6723921895027161
/home/dorma10/mutation-analysis/projects/commons-imaging/src/test/java/org/apache/commons/imaging/formats/png/scanlinefilters/ScanlineFilterPaethTest.java,0.6179476976394653
/home/dorma10/mutation-analysis/projects/commons-imaging/src/test/java/org/apache/commons/imaging/formats/png/scanlinefilters/ScanlineFilterAverageTest.java,0.45823007822036743
/home/dorma10/mutation-analysis/projects/commons-imaging/src/test/java/org/apache/commons/imaging/formats/png/PngWriteForceTrueColorText.java,0.6407604217529297
/home/dorma10/mutation-analysis/projects/commons-imaging/src/test/java/org/apache/commons/imaging/formats/png/PngBaseTest.java,0.6988536417484283
/home/dorma10/mutation-analysis/projects/commons-imaging/src/test/java/org/apache/commons/imaging/formats/png/PngWriteReadTest.java,0.5545296184718609
/home/dorma10/mutation-analysis/projects/commons-imaging/src/test/java/org/apache/commons/imaging/formats/png/PngTextTest.java,0.03741280362010002
/home/dorma10/mutation-analysis/projects/commons-imaging/src/test/java/org/apache/commons/imaging/formats/png/PngMultipleRoundtripTest.java,0.7143112421035767
/home/dorma10/mutation-analysis/projects/commons-imaging/src/test/java/org/apache/commons/imaging/formats/png/PhysicalScaleTest.java,0.5344890356063843
/home/dorma10/mutation-analysis/projects/commons-imaging/src/test/java/org/apache/commons/imaging/formats/gif/GifBaseTest.java,0.707330991824468
/home/dorma10/mutation-analysis/projects/commons-imaging/src/test/java/org/apache/commons/imaging/formats/gif/GifReadTest.java,0.5484613987306753
/home/dorma10/mutation-analysis/projects/commons-imaging/src/test/java/org/apache/commons/imaging/formats/pam/PamReadTest.java,0.4318384826183319
/home/dorma10/mutation-analysis/projects/commons-imaging/src/test/java/org/apache/commons/imaging/formats/pam/PamBaseTest.java,0.6988536417484283
/home/dorma10/mutation-analysis/projects/commons-imaging/src/test/java/org/apache/commons/imaging/formats/psd/PsdReadTest.java,0.5037503242492676
/home/dorma10/mutation-analysis/projects/commons-imaging/src/test/java/org/apache/commons/imaging/formats/psd/dataparsers/DataParserIndexedTest.java,0.4677465856075287
/home/dorma10/mutation-analysis/projects/commons-imaging/src/test/java/org/apache/commons/imaging/formats/psd/dataparsers/DataParserLabTest.java,0.7410188913345337
/home/dorma10/mutation-analysis/projects/commons-imaging/src/test/java/org/apache/commons/imaging/formats/psd/dataparsers/DataParserCmykTest.java,0.7345287203788757
/home/dorma10/mutation-analysis/projects/commons-imaging/src/test/java/org/apache/commons/imaging/formats/psd/dataparsers/DataParserGrayscaleTest.java,0.6643298268318176
/home/dorma10/mutation-analysis/projects/commons-imaging/src/test/java/org/apache/commons/imaging/formats/psd/ImageResourceTypeTest.java,0.8202422261238098
/home/dorma10/mutation-analysis/projects/commons-imaging/src/test/java/org/apache/commons/imaging/formats/psd/ImageResourceBlockTest.java,0.5133944153785706
/home/dorma10/mutation-analysis/projects/commons-imaging/src/test/java/org/apache/commons/imaging/formats/psd/PsdBaseTest.java,0.6988536417484283
/home/dorma10/mutation-analysis/projects/commons-imaging/src/test/java/org/apache/commons/imaging/formats/ico/IcoReadTest.java,0.6280474737286568
/home/dorma10/mutation-analysis/projects/commons-imaging/src/test/java/org/apache/commons/imaging/formats/ico/IcoRoundtripTest.java,0.3934800096321851
/home/dorma10/mutation-analysis/projects/commons-imaging/src/test/java/org/apache/commons/imaging/formats/ico/IcoBaseTest.java,0.7462170422077179
/home/dorma10/mutation-analysis/projects/commons-imaging/src/test/java/org/apache/commons/imaging/formats/xpm/XpmBaseTest.java,0.768412858247757
/home/dorma10/mutation-analysis/projects/commons-imaging/src/test/java/org/apache/commons/imaging/formats/xpm/XpmReadTest.java,0.5047858953475952
/home/dorma10/mutation-analysis/projects/commons-imaging/src/test/java/org/apache/commons/imaging/formats/icns/IcnsBaseTest.java,0.7089998722076416
/home/dorma10/mutation-analysis/projects/commons-imaging/src/test/java/org/apache/commons/imaging/formats/icns/IcnsReadTest.java,0.7226122121016184
/home/dorma10/mutation-analysis/projects/commons-imaging/src/test/java/org/apache/commons/imaging/formats/icns/IcnsRoundTripTest.java,0.3153876893222332
/home/dorma10/mutation-analysis/projects/commons-imaging/src/test/java/org/apache/commons/imaging/formats/pnm/WhiteSpaceReaderTest.java,0.4313676357269287
/home/dorma10/mutation-analysis/projects/commons-imaging/src/test/java/org/apache/commons/imaging/formats/pnm/PbmFileInfoTest.java,0.5920562744140625
/home/dorma10/mutation-analysis/projects/commons-imaging/src/test/java/org/apache/commons/imaging/formats/pnm/PgmFileInfoTest.java,0.8280134002367655
/home/dorma10/mutation-analysis/projects/commons-imaging/src/test/java/org/apache/commons/imaging/formats/pnm/PnmImageParserTest.java,0.4652815699577332
/home/dorma10/mutation-analysis/projects/commons-imaging/src/test/java/org/apache/commons/imaging/formats/pnm/PpmFileInfoTest.java,0.7312004268169403
/home/dorma10/mutation-analysis/projects/commons-imaging/src/test/java/org/apache/commons/imaging/formats/jpeg/JpegWithInvalidDhtSegmentTest.java,0.8442407250404358
/home/dorma10/mutation-analysis/projects/commons-imaging/src/test/java/org/apache/commons/imaging/formats/jpeg/iptc/IptcAddTest.java,0.531439520418644
/home/dorma10/mutation-analysis/projects/commons-imaging/src/test/java/org/apache/commons/imaging/formats/jpeg/iptc/IptcUpdateTest.java,0.353610808295863
/home/dorma10/mutation-analysis/projects/commons-imaging/src/test/java/org/apache/commons/imaging/formats/jpeg/iptc/IptcTypeLookupTest.java,0.7870616316795349
/home/dorma10/mutation-analysis/projects/commons-imaging/src/test/java/org/apache/commons/imaging/formats/jpeg/iptc/IptcFullDiscardTest.java,0.5541991949081421
/home/dorma10/mutation-analysis/projects/commons-imaging/src/test/java/org/apache/commons/imaging/formats/jpeg/iptc/IptcParserTest.java,0.7163911461830139
/home/dorma10/mutation-analysis/projects/commons-imaging/src/test/java/org/apache/commons/imaging/formats/jpeg/iptc/IptcBaseTest.java,0.731654133115496
/home/dorma10/mutation-analysis/projects/commons-imaging/src/test/java/org/apache/commons/imaging/formats/jpeg/iptc/IptcDumpTest.java,0.4993947595357895
/home/dorma10/mutation-analysis/projects/commons-imaging/src/test/java/org/apache/commons/imaging/formats/jpeg/JpegWithJpegThumbnailTest.java,0.508972704410553
/home/dorma10/mutation-analysis/projects/commons-imaging/src/test/java/org/apache/commons/imaging/formats/jpeg/xmp/JpegXmpBaseTest.java,0.7329234927892685
/home/dorma10/mutation-analysis/projects/commons-imaging/src/test/java/org/apache/commons/imaging/formats/jpeg/xmp/JpegXmpDumpTest.java,0.751480370759964
/home/dorma10/mutation-analysis/projects/commons-imaging/src/test/java/org/apache/commons/imaging/formats/jpeg/xmp/JpegXmpRewriteTest.java,0.6583410501480103
/home/dorma10/mutation-analysis/projects/commons-imaging/src/test/java/org/apache/commons/imaging/formats/jpeg/xmp/JpegXmpParserTest.java,0.48957595229148865
/home/dorma10/mutation-analysis/projects/commons-imaging/src/test/java/org/apache/commons/imaging/formats/jpeg/JpegBaseTest.java,0.7134999334812164
/home/dorma10/mutation-analysis/projects/commons-imaging/src/test/java/org/apache/commons/imaging/formats/jpeg/decoder/JpegDecoderTest.java,0.9480046629905701
/home/dorma10/mutation-analysis/projects/commons-imaging/src/test/java/org/apache/commons/imaging/formats/jpeg/decoder/JpegInputStreamTest.java,0.4940820187330246
/home/dorma10/mutation-analysis/projects/commons-imaging/src/test/java/org/apache/commons/imaging/formats/jpeg/decoder/DctTest.java,0.4350866476694743
/home/dorma10/mutation-analysis/projects/commons-imaging/src/test/java/org/apache/commons/imaging/formats/jpeg/JpegReadTest.java,0.6744943857192993
/home/dorma10/mutation-analysis/projects/commons-imaging/src/test/java/org/apache/commons/imaging/formats/jpeg/specific/JpegImageParserTest.java,0.8964772820472717
/home/dorma10/mutation-analysis/projects/commons-imaging/src/test/java/org/apache/commons/imaging/formats/jpeg/segments/App2SegmentTest.java,0.5749781131744385
/home/dorma10/mutation-analysis/projects/commons-imaging/src/test/java/org/apache/commons/imaging/formats/jpeg/segments/JfifSegmentTest.java,0.6590536236763
/home/dorma10/mutation-analysis/projects/commons-imaging/src/test/java/org/apache/commons/imaging/formats/jpeg/segments/AppnSegmentTest.java,0.7316599488258362
/home/dorma10/mutation-analysis/projects/commons-imaging/src/test/java/org/apache/commons/imaging/formats/jpeg/segments/SosSegmentTest.java,0.7310481071472168
/home/dorma10/mutation-analysis/projects/commons-imaging/src/test/java/org/apache/commons/imaging/formats/jpeg/segments/NegSizeSegmentTest.java,0.42368683218955994
/home/dorma10/mutation-analysis/projects/commons-imaging/src/test/java/org/apache/commons/imaging/formats/jpeg/exif/ExifBaseTest.java,0.6889984607696533
/home/dorma10/mutation-analysis/projects/commons-imaging/src/test/java/org/apache/commons/imaging/formats/jpeg/exif/MicrosoftTagTest.java,0.5058761835098267
/home/dorma10/mutation-analysis/projects/commons-imaging/src/test/java/org/apache/commons/imaging/formats/jpeg/exif/SpecificExifTagTest.java,0.6852695792913437
/home/dorma10/mutation-analysis/projects/commons-imaging/src/test/java/org/apache/commons/imaging/formats/jpeg/exif/GpsTest.java,0.720911830663681
/home/dorma10/mutation-analysis/projects/commons-imaging/src/test/java/org/apache/commons/imaging/formats/jpeg/exif/WriteExifMetadataExampleTest.java,0.7240853607654572
/home/dorma10/mutation-analysis/projects/commons-imaging/src/test/java/org/apache/commons/imaging/formats/jpeg/exif/ExifDumpTest.java,0.687968929608663
/home/dorma10/mutation-analysis/projects/commons-imaging/src/test/java/org/apache/commons/imaging/formats/jpeg/exif/ExifRewriteTest.java,0.33708564109272426
/home/dorma10/mutation-analysis/projects/commons-imaging/src/test/java/org/apache/commons/imaging/formats/jpeg/exif/TextFieldTest.java,0.6681320667266846
/home/dorma10/mutation-analysis/projects/commons-imaging/src/test/java/org/apache/commons/imaging/formats/jpeg/exif/AsciiFieldTest.java,0.6340013146400452
/home/dorma10/mutation-analysis/projects/commons-imaging/src/test/java/org/apache/commons/imaging/formats/jpeg/exif/MakerNoteFieldTest.java,0.937972903251648
/home/dorma10/mutation-analysis/projects/commons-imaging/src/test/java/org/apache/commons/imaging/formats/dcx/DcxBaseTest.java,0.7158788442611694
/home/dorma10/mutation-analysis/projects/commons-imaging/src/test/java/org/apache/commons/imaging/formats/dcx/DcxReadTest.java,0.6796161606907845
/home/dorma10/mutation-analysis/projects/commons-imaging/src/test/java/org/apache/commons/imaging/formats/rgbe/RgbeBaseTest.java,0.6945889294147491
/home/dorma10/mutation-analysis/projects/commons-imaging/src/test/java/org/apache/commons/imaging/formats/rgbe/RgbeReadTest.java,0.7197429537773132
/home/dorma10/mutation-analysis/projects/commons-imaging/src/test/java/org/apache/commons/imaging/formats/wbmp/WbmpReadTest.java,0.5053205490112305
/home/dorma10/mutation-analysis/projects/commons-imaging/src/test/java/org/apache/commons/imaging/formats/wbmp/WbmpBaseTest.java,0.7657440602779388
