/home/dorma10/mutation-analysis/projects/commons-configuration/src/main/java/org/apache/commons/configuration2/ConfigurationConsumer.java,0.955730676651001
/home/dorma10/mutation-analysis/projects/commons-configuration/src/main/java/org/apache/commons/configuration2/ConfigurationUtils.java,0.8647831151118646
/home/dorma10/mutation-analysis/projects/commons-configuration/src/main/java/org/apache/commons/configuration2/Initializable.java,0.982279360294342
/home/dorma10/mutation-analysis/projects/commons-configuration/src/main/java/org/apache/commons/configuration2/io/FileSystemLocationStrategy.java,0.8742843866348267
/home/dorma10/mutation-analysis/projects/commons-configuration/src/main/java/org/apache/commons/configuration2/io/ClasspathLocationStrategy.java,0.8519929051399231
/home/dorma10/mutation-analysis/projects/commons-configuration/src/main/java/org/apache/commons/configuration2/io/FileSystem.java,0.8040361603101095
/home/dorma10/mutation-analysis/projects/commons-configuration/src/main/java/org/apache/commons/configuration2/io/package-info.java,0.7015423774719238
/home/dorma10/mutation-analysis/projects/commons-configuration/src/main/java/org/apache/commons/configuration2/io/ProvidedURLLocationStrategy.java,0.9152889847755432
/home/dorma10/mutation-analysis/projects/commons-configuration/src/main/java/org/apache/commons/configuration2/io/DefaultFileSystem.java,0.841153555056628
/home/dorma10/mutation-analysis/projects/commons-configuration/src/main/java/org/apache/commons/configuration2/io/FileHandler.java,0.8945683903164334
/home/dorma10/mutation-analysis/projects/commons-configuration/src/main/java/org/apache/commons/configuration2/io/BasePathLocationStrategy.java,0.879131019115448
/home/dorma10/mutation-analysis/projects/commons-configuration/src/main/java/org/apache/commons/configuration2/io/FileHandlerListenerAdapter.java,0.8742800712585449
/home/dorma10/mutation-analysis/projects/commons-configuration/src/main/java/org/apache/commons/configuration2/io/FileLocatorUtils.java,0.8644209764897823
/home/dorma10/mutation-analysis/projects/commons-configuration/src/main/java/org/apache/commons/configuration2/io/ConfigurationLogger.java,0.9523328058421612
/home/dorma10/mutation-analysis/projects/commons-configuration/src/main/java/org/apache/commons/configuration2/io/FileUtils.java,0.7458168864250183
/home/dorma10/mutation-analysis/projects/commons-configuration/src/main/java/org/apache/commons/configuration2/io/VerifiableOutputStream.java,0.9808797240257263
/home/dorma10/mutation-analysis/projects/commons-configuration/src/main/java/org/apache/commons/configuration2/io/FileOptionsProvider.java,0.7085412740707397
/home/dorma10/mutation-analysis/projects/commons-configuration/src/main/java/org/apache/commons/configuration2/io/FileBased.java,0.9387434124946594
/home/dorma10/mutation-analysis/projects/commons-configuration/src/main/java/org/apache/commons/configuration2/io/InputStreamSupport.java,0.9172788858413696
/home/dorma10/mutation-analysis/projects/commons-configuration/src/main/java/org/apache/commons/configuration2/io/VFSFileSystem.java,0.5712822315593561
/home/dorma10/mutation-analysis/projects/commons-configuration/src/main/java/org/apache/commons/configuration2/io/FileHandlerListener.java,0.9478490948677063
/home/dorma10/mutation-analysis/projects/commons-configuration/src/main/java/org/apache/commons/configuration2/io/HomeDirectoryLocationStrategy.java,0.9093222171068192
/home/dorma10/mutation-analysis/projects/commons-configuration/src/main/java/org/apache/commons/configuration2/io/FileLocatorAware.java,0.956969678401947
/home/dorma10/mutation-analysis/projects/commons-configuration/src/main/java/org/apache/commons/configuration2/io/FileLocator.java,0.9283087700605392
/home/dorma10/mutation-analysis/projects/commons-configuration/src/main/java/org/apache/commons/configuration2/io/AbsoluteNameLocationStrategy.java,0.8861553072929382
/home/dorma10/mutation-analysis/projects/commons-configuration/src/main/java/org/apache/commons/configuration2/io/CombinedLocationStrategy.java,0.8796007037162781
/home/dorma10/mutation-analysis/projects/commons-configuration/src/main/java/org/apache/commons/configuration2/io/FileLocationStrategy.java,0.7108755111694336
/home/dorma10/mutation-analysis/projects/commons-configuration/src/main/java/org/apache/commons/configuration2/PatternSubtreeConfigurationWrapper.java,0.7834005440984454
/home/dorma10/mutation-analysis/projects/commons-configuration/src/main/java/org/apache/commons/configuration2/SubsetConfiguration.java,0.8571829348802567
/home/dorma10/mutation-analysis/projects/commons-configuration/src/main/java/org/apache/commons/configuration2/ImmutableConfigurationInvocationHandler.java,0.9273915035384042
/home/dorma10/mutation-analysis/projects/commons-configuration/src/main/java/org/apache/commons/configuration2/StrictConfigurationComparator.java,0.9319476187229156
/home/dorma10/mutation-analysis/projects/commons-configuration/src/main/java/org/apache/commons/configuration2/package-info.java,0.7262182235717773
/home/dorma10/mutation-analysis/projects/commons-configuration/src/main/java/org/apache/commons/configuration2/AbstractYAMLBasedConfiguration.java,0.7375727627012465
/home/dorma10/mutation-analysis/projects/commons-configuration/src/main/java/org/apache/commons/configuration2/BaseConfigurationXMLReader.java,0.9257302954792976
/home/dorma10/mutation-analysis/projects/commons-configuration/src/main/java/org/apache/commons/configuration2/CombinedConfiguration.java,0.8732599205440945
/home/dorma10/mutation-analysis/projects/commons-configuration/src/main/java/org/apache/commons/configuration2/spring/package-info.java,0.7260250449180603
/home/dorma10/mutation-analysis/projects/commons-configuration/src/main/java/org/apache/commons/configuration2/spring/ConfigurationPropertySource.java,0.7423603758215904
/home/dorma10/mutation-analysis/projects/commons-configuration/src/main/java/org/apache/commons/configuration2/spring/ConfigurationPropertiesFactoryBean.java,0.8525549343654087
/home/dorma10/mutation-analysis/projects/commons-configuration/src/main/java/org/apache/commons/configuration2/SubnodeConfiguration.java,0.9043081619522788
/home/dorma10/mutation-analysis/projects/commons-configuration/src/main/java/org/apache/commons/configuration2/ConfigurationDecoder.java,0.9280263781547546
/home/dorma10/mutation-analysis/projects/commons-configuration/src/main/java/org/apache/commons/configuration2/HierarchicalConfigurationConverter.java,0.7731377312115261
/home/dorma10/mutation-analysis/projects/commons-configuration/src/main/java/org/apache/commons/configuration2/AbstractConfiguration.java,0.8614471240623577
/home/dorma10/mutation-analysis/projects/commons-configuration/src/main/java/org/apache/commons/configuration2/event/EventType.java,0.8287740548451742
/home/dorma10/mutation-analysis/projects/commons-configuration/src/main/java/org/apache/commons/configuration2/event/ConfigurationErrorEvent.java,0.9482746362686157
/home/dorma10/mutation-analysis/projects/commons-configuration/src/main/java/org/apache/commons/configuration2/event/package-info.java,0.719216525554657
/home/dorma10/mutation-analysis/projects/commons-configuration/src/main/java/org/apache/commons/configuration2/event/EventListener.java,0.966704785823822
/home/dorma10/mutation-analysis/projects/commons-configuration/src/main/java/org/apache/commons/configuration2/event/EventListenerList.java,0.7763699022206393
/home/dorma10/mutation-analysis/projects/commons-configuration/src/main/java/org/apache/commons/configuration2/event/EventListenerRegistrationData.java,0.837105131149292
/home/dorma10/mutation-analysis/projects/commons-configuration/src/main/java/org/apache/commons/configuration2/event/EventSource.java,0.512970894575119
/home/dorma10/mutation-analysis/projects/commons-configuration/src/main/java/org/apache/commons/configuration2/event/BaseEventSource.java,0.796481200877358
/home/dorma10/mutation-analysis/projects/commons-configuration/src/main/java/org/apache/commons/configuration2/event/ConfigurationEvent.java,0.9563643336296082
/home/dorma10/mutation-analysis/projects/commons-configuration/src/main/java/org/apache/commons/configuration2/event/Event.java,0.8967916369438171
/home/dorma10/mutation-analysis/projects/commons-configuration/src/main/java/org/apache/commons/configuration2/FileBasedConfiguration.java,0.9477803111076355
/home/dorma10/mutation-analysis/projects/commons-configuration/src/main/java/org/apache/commons/configuration2/CompositeConfiguration.java,0.827688698415403
/home/dorma10/mutation-analysis/projects/commons-configuration/src/main/java/org/apache/commons/configuration2/ex/package-info.java,0.7155123353004456
/home/dorma10/mutation-analysis/projects/commons-configuration/src/main/java/org/apache/commons/configuration2/ex/ConfigurationException.java,0.9582883715629578
/home/dorma10/mutation-analysis/projects/commons-configuration/src/main/java/org/apache/commons/configuration2/ex/ConfigurationRuntimeException.java,0.9481264591217041
/home/dorma10/mutation-analysis/projects/commons-configuration/src/main/java/org/apache/commons/configuration2/ex/ConversionException.java,0.9622950553894043
/home/dorma10/mutation-analysis/projects/commons-configuration/src/main/java/org/apache/commons/configuration2/HierarchicalConfiguration.java,0.6338795456621382
/home/dorma10/mutation-analysis/projects/commons-configuration/src/main/java/org/apache/commons/configuration2/HierarchicalConfigurationXMLReader.java,0.8482713482596658
/home/dorma10/mutation-analysis/projects/commons-configuration/src/main/java/org/apache/commons/configuration2/ConfigurationConverter.java,0.9323817789554596
/home/dorma10/mutation-analysis/projects/commons-configuration/src/main/java/org/apache/commons/configuration2/PrefixedKeysIterator.java,0.8916742682456971
/home/dorma10/mutation-analysis/projects/commons-configuration/src/main/java/org/apache/commons/configuration2/ImmutableHierarchicalConfiguration.java,0.7849370794636863
/home/dorma10/mutation-analysis/projects/commons-configuration/src/main/java/org/apache/commons/configuration2/ImmutableConfiguration.java,0.7621568942364926
/home/dorma10/mutation-analysis/projects/commons-configuration/src/main/java/org/apache/commons/configuration2/JSONConfiguration.java,0.8192162871360779
/home/dorma10/mutation-analysis/projects/commons-configuration/src/main/java/org/apache/commons/configuration2/DataConfiguration.java,0.8968488020556313
/home/dorma10/mutation-analysis/projects/commons-configuration/src/main/java/org/apache/commons/configuration2/ConfigurationComparator.java,0.9433051347732544
/home/dorma10/mutation-analysis/projects/commons-configuration/src/main/java/org/apache/commons/configuration2/INIConfiguration.java,0.8336880614883021
/home/dorma10/mutation-analysis/projects/commons-configuration/src/main/java/org/apache/commons/configuration2/interpol/package-info.java,0.7188684344291687
/home/dorma10/mutation-analysis/projects/commons-configuration/src/main/java/org/apache/commons/configuration2/interpol/ConfigurationInterpolator.java,0.9031918811798095
/home/dorma10/mutation-analysis/projects/commons-configuration/src/main/java/org/apache/commons/configuration2/interpol/ConstantLookup.java,0.9006325006484985
/home/dorma10/mutation-analysis/projects/commons-configuration/src/main/java/org/apache/commons/configuration2/interpol/DefaultLookups.java,0.913407027721405
/home/dorma10/mutation-analysis/projects/commons-configuration/src/main/java/org/apache/commons/configuration2/interpol/EnvironmentLookup.java,0.9649972319602966
/home/dorma10/mutation-analysis/projects/commons-configuration/src/main/java/org/apache/commons/configuration2/interpol/Lookup.java,0.8817036151885986
/home/dorma10/mutation-analysis/projects/commons-configuration/src/main/java/org/apache/commons/configuration2/interpol/SystemPropertiesLookup.java,0.6487628817558289
/home/dorma10/mutation-analysis/projects/commons-configuration/src/main/java/org/apache/commons/configuration2/interpol/ExprLookup.java,0.916533554593722
/home/dorma10/mutation-analysis/projects/commons-configuration/src/main/java/org/apache/commons/configuration2/interpol/InterpolatorSpecification.java,0.9046236077944437
/home/dorma10/mutation-analysis/projects/commons-configuration/src/main/java/org/apache/commons/configuration2/interpol/StringLookupAdapter.java,0.8260281085968018
/home/dorma10/mutation-analysis/projects/commons-configuration/src/main/java/org/apache/commons/configuration2/interpol/DummyLookup.java,0.9870384335517883
/home/dorma10/mutation-analysis/projects/commons-configuration/src/main/java/org/apache/commons/configuration2/YAMLConfiguration.java,0.7952761162411083
/home/dorma10/mutation-analysis/projects/commons-configuration/src/main/java/org/apache/commons/configuration2/XMLListReference.java,0.8737191557884216
/home/dorma10/mutation-analysis/projects/commons-configuration/src/main/java/org/apache/commons/configuration2/ConfigurationMap.java,0.8972890786826611
/home/dorma10/mutation-analysis/projects/commons-configuration/src/main/java/org/apache/commons/configuration2/XMLPropertiesConfiguration.java,0.7736706172718721
/home/dorma10/mutation-analysis/projects/commons-configuration/src/main/java/org/apache/commons/configuration2/PropertiesConfigurationLayout.java,0.8994529098272324
/home/dorma10/mutation-analysis/projects/commons-configuration/src/main/java/org/apache/commons/configuration2/MapConfiguration.java,0.8899084011713664
/home/dorma10/mutation-analysis/projects/commons-configuration/src/main/java/org/apache/commons/configuration2/XMLDocumentHelper.java,0.8840084870656332
/home/dorma10/mutation-analysis/projects/commons-configuration/src/main/java/org/apache/commons/configuration2/beanutils/ConstructorArg.java,0.9268230362371965
/home/dorma10/mutation-analysis/projects/commons-configuration/src/main/java/org/apache/commons/configuration2/beanutils/CombinedBeanDeclaration.java,0.8364901457514081
/home/dorma10/mutation-analysis/projects/commons-configuration/src/main/java/org/apache/commons/configuration2/beanutils/package-info.java,0.710372269153595
/home/dorma10/mutation-analysis/projects/commons-configuration/src/main/java/org/apache/commons/configuration2/beanutils/BeanCreationContext.java,0.8818236351013183
/home/dorma10/mutation-analysis/projects/commons-configuration/src/main/java/org/apache/commons/configuration2/beanutils/BeanFactory.java,0.8244920074939728
/home/dorma10/mutation-analysis/projects/commons-configuration/src/main/java/org/apache/commons/configuration2/beanutils/DefaultBeanFactory.java,0.8259687066078186
/home/dorma10/mutation-analysis/projects/commons-configuration/src/main/java/org/apache/commons/configuration2/beanutils/BeanHelper.java,0.8610349400290127
/home/dorma10/mutation-analysis/projects/commons-configuration/src/main/java/org/apache/commons/configuration2/beanutils/XMLBeanDeclaration.java,0.8476535292232737
/home/dorma10/mutation-analysis/projects/commons-configuration/src/main/java/org/apache/commons/configuration2/beanutils/ConfigurationDynaClass.java,0.6696829974651337
/home/dorma10/mutation-analysis/projects/commons-configuration/src/main/java/org/apache/commons/configuration2/beanutils/ConfigurationDynaBean.java,0.7050269327380441
/home/dorma10/mutation-analysis/projects/commons-configuration/src/main/java/org/apache/commons/configuration2/beanutils/BeanDeclaration.java,0.8137197991212209
/home/dorma10/mutation-analysis/projects/commons-configuration/src/main/java/org/apache/commons/configuration2/Configuration.java,0.8803538829088211
/home/dorma10/mutation-analysis/projects/commons-configuration/src/main/java/org/apache/commons/configuration2/ConfigurationXMLReader.java,0.9338145429889361
/home/dorma10/mutation-analysis/projects/commons-configuration/src/main/java/org/apache/commons/configuration2/AbstractHierarchicalConfiguration.java,0.8397112696067147
/home/dorma10/mutation-analysis/projects/commons-configuration/src/main/java/org/apache/commons/configuration2/SystemConfiguration.java,0.896174967288971
/home/dorma10/mutation-analysis/projects/commons-configuration/src/main/java/org/apache/commons/configuration2/convert/package-info.java,0.6580715179443359
/home/dorma10/mutation-analysis/projects/commons-configuration/src/main/java/org/apache/commons/configuration2/convert/DefaultConversionHandler.java,0.8210215778911815
/home/dorma10/mutation-analysis/projects/commons-configuration/src/main/java/org/apache/commons/configuration2/convert/ListDelimiterHandler.java,0.7413473874330521
/home/dorma10/mutation-analysis/projects/commons-configuration/src/main/java/org/apache/commons/configuration2/convert/AbstractListDelimiterHandler.java,0.8733895197510719
/home/dorma10/mutation-analysis/projects/commons-configuration/src/main/java/org/apache/commons/configuration2/convert/DisabledListDelimiterHandler.java,0.9211868445078532
/home/dorma10/mutation-analysis/projects/commons-configuration/src/main/java/org/apache/commons/configuration2/convert/ConversionHandler.java,0.33322762449582416
/home/dorma10/mutation-analysis/projects/commons-configuration/src/main/java/org/apache/commons/configuration2/convert/PropertyConverter.java,0.8490073415968153
/home/dorma10/mutation-analysis/projects/commons-configuration/src/main/java/org/apache/commons/configuration2/convert/ValueTransformer.java,0.8882790803909302
/home/dorma10/mutation-analysis/projects/commons-configuration/src/main/java/org/apache/commons/configuration2/convert/LegacyListDelimiterHandler.java,0.863776789771186
/home/dorma10/mutation-analysis/projects/commons-configuration/src/main/java/org/apache/commons/configuration2/convert/DefaultListDelimiterHandler.java,0.7640387296676636
/home/dorma10/mutation-analysis/projects/commons-configuration/src/main/java/org/apache/commons/configuration2/XMLConfiguration.java,0.8137469338435753
/home/dorma10/mutation-analysis/projects/commons-configuration/src/main/java/org/apache/commons/configuration2/BaseConfiguration.java,0.8991674304008483
/home/dorma10/mutation-analysis/projects/commons-configuration/src/main/java/org/apache/commons/configuration2/DatabaseConfiguration.java,0.8608455854218181
/home/dorma10/mutation-analysis/projects/commons-configuration/src/main/java/org/apache/commons/configuration2/PropertiesConfiguration.java,0.8897868124643962
/home/dorma10/mutation-analysis/projects/commons-configuration/src/main/java/org/apache/commons/configuration2/plist/package-info.java,0.726599395275116
/home/dorma10/mutation-analysis/projects/commons-configuration/src/main/java/org/apache/commons/configuration2/plist/XMLPropertyListConfiguration.java,0.7994142404624394
/home/dorma10/mutation-analysis/projects/commons-configuration/src/main/java/org/apache/commons/configuration2/plist/PropertyListConfiguration.java,0.793095287349489
/home/dorma10/mutation-analysis/projects/commons-configuration/src/main/java/org/apache/commons/configuration2/BaseHierarchicalConfiguration.java,0.8093265660528867
/home/dorma10/mutation-analysis/projects/commons-configuration/src/main/java/org/apache/commons/configuration2/reloading/VFSFileHandlerReloadingDetector.java,0.9139563043912252
/home/dorma10/mutation-analysis/projects/commons-configuration/src/main/java/org/apache/commons/configuration2/reloading/ManagedReloadingDetector.java,0.9614310264587402
/home/dorma10/mutation-analysis/projects/commons-configuration/src/main/java/org/apache/commons/configuration2/reloading/package-info.java,0.6526808738708496
/home/dorma10/mutation-analysis/projects/commons-configuration/src/main/java/org/apache/commons/configuration2/reloading/ReloadingDetector.java,0.9709727764129639
/home/dorma10/mutation-analysis/projects/commons-configuration/src/main/java/org/apache/commons/configuration2/reloading/ReloadingController.java,0.859381547995976
/home/dorma10/mutation-analysis/projects/commons-configuration/src/main/java/org/apache/commons/configuration2/reloading/ReloadingControllerSupport.java,0.8802701830863953
/home/dorma10/mutation-analysis/projects/commons-configuration/src/main/java/org/apache/commons/configuration2/reloading/ManagedReloadingDetectorMBean.java,0.9827869534492493
/home/dorma10/mutation-analysis/projects/commons-configuration/src/main/java/org/apache/commons/configuration2/reloading/PeriodicReloadingTrigger.java,0.923140150308609
/home/dorma10/mutation-analysis/projects/commons-configuration/src/main/java/org/apache/commons/configuration2/reloading/ReloadingEvent.java,0.9487339456876119
/home/dorma10/mutation-analysis/projects/commons-configuration/src/main/java/org/apache/commons/configuration2/reloading/CombinedReloadingController.java,0.8891831636428833
/home/dorma10/mutation-analysis/projects/commons-configuration/src/main/java/org/apache/commons/configuration2/reloading/FileHandlerReloadingDetector.java,0.933028193620535
/home/dorma10/mutation-analysis/projects/commons-configuration/src/main/java/org/apache/commons/configuration2/FindNodeVisitor.java,0.9253575325012207
/home/dorma10/mutation-analysis/projects/commons-configuration/src/main/java/org/apache/commons/configuration2/sync/package-info.java,0.6207284331321716
/home/dorma10/mutation-analysis/projects/commons-configuration/src/main/java/org/apache/commons/configuration2/sync/SynchronizerSupport.java,0.9560459703207016
/home/dorma10/mutation-analysis/projects/commons-configuration/src/main/java/org/apache/commons/configuration2/sync/NoOpSynchronizer.java,0.9779555201530457
/home/dorma10/mutation-analysis/projects/commons-configuration/src/main/java/org/apache/commons/configuration2/sync/Synchronizer.java,0.9816374331712723
/home/dorma10/mutation-analysis/projects/commons-configuration/src/main/java/org/apache/commons/configuration2/sync/ReadWriteSynchronizer.java,0.9169317994798932
/home/dorma10/mutation-analysis/projects/commons-configuration/src/main/java/org/apache/commons/configuration2/sync/LockMode.java,0.9593872427940369
/home/dorma10/mutation-analysis/projects/commons-configuration/src/main/java/org/apache/commons/configuration2/resolver/DefaultEntityResolver.java,0.909553607304891
/home/dorma10/mutation-analysis/projects/commons-configuration/src/main/java/org/apache/commons/configuration2/resolver/package-info.java,0.719201922416687
/home/dorma10/mutation-analysis/projects/commons-configuration/src/main/java/org/apache/commons/configuration2/resolver/CatalogResolver.java,0.875744130300439
/home/dorma10/mutation-analysis/projects/commons-configuration/src/main/java/org/apache/commons/configuration2/resolver/EntityResolverSupport.java,0.9039209187030792
/home/dorma10/mutation-analysis/projects/commons-configuration/src/main/java/org/apache/commons/configuration2/resolver/EntityRegistry.java,0.8325084745883942
/home/dorma10/mutation-analysis/projects/commons-configuration/src/main/java/org/apache/commons/configuration2/tree/NodeUpdateData.java,0.8528359532356262
/home/dorma10/mutation-analysis/projects/commons-configuration/src/main/java/org/apache/commons/configuration2/tree/TreeUtils.java,0.6365229872365793
/home/dorma10/mutation-analysis/projects/commons-configuration/src/main/java/org/apache/commons/configuration2/tree/NodeSelector.java,0.8726866990327835
/home/dorma10/mutation-analysis/projects/commons-configuration/src/main/java/org/apache/commons/configuration2/tree/ExpressionEngine.java,0.23827460277825593
/home/dorma10/mutation-analysis/projects/commons-configuration/src/main/java/org/apache/commons/configuration2/tree/package-info.java,0.7311531901359558
/home/dorma10/mutation-analysis/projects/commons-configuration/src/main/java/org/apache/commons/configuration2/tree/ConfigurationNodeVisitor.java,0.8231038649876913
/home/dorma10/mutation-analysis/projects/commons-configuration/src/main/java/org/apache/commons/configuration2/tree/InMemoryNodeModel.java,0.8095001372797735
/home/dorma10/mutation-analysis/projects/commons-configuration/src/main/java/org/apache/commons/configuration2/tree/NodeModel.java,0.735515918996599
/home/dorma10/mutation-analysis/projects/commons-configuration/src/main/java/org/apache/commons/configuration2/tree/ConfigurationNodeVisitorAdapter.java,0.9053926666577657
/home/dorma10/mutation-analysis/projects/commons-configuration/src/main/java/org/apache/commons/configuration2/tree/ImmutableNode.java,0.888243223230044
/home/dorma10/mutation-analysis/projects/commons-configuration/src/main/java/org/apache/commons/configuration2/tree/DefaultExpressionEngine.java,0.7467442384132972
/home/dorma10/mutation-analysis/projects/commons-configuration/src/main/java/org/apache/commons/configuration2/tree/NodeTracker.java,0.865294942855835
/home/dorma10/mutation-analysis/projects/commons-configuration/src/main/java/org/apache/commons/configuration2/tree/ReferenceNodeHandler.java,0.8335422575473785
/home/dorma10/mutation-analysis/projects/commons-configuration/src/main/java/org/apache/commons/configuration2/tree/DefaultConfigurationKey.java,0.8728364532192548
/home/dorma10/mutation-analysis/projects/commons-configuration/src/main/java/org/apache/commons/configuration2/tree/NodeNameMatchers.java,0.9288958311080933
/home/dorma10/mutation-analysis/projects/commons-configuration/src/main/java/org/apache/commons/configuration2/tree/QueryResult.java,0.8872525811195373
/home/dorma10/mutation-analysis/projects/commons-configuration/src/main/java/org/apache/commons/configuration2/tree/TrackedNodeHandler.java,0.9136085361242294
/home/dorma10/mutation-analysis/projects/commons-configuration/src/main/java/org/apache/commons/configuration2/tree/ModelTransaction.java,0.8291098695309436
/home/dorma10/mutation-analysis/projects/commons-configuration/src/main/java/org/apache/commons/configuration2/tree/NodeModelSupport.java,0.7757138609886169
/home/dorma10/mutation-analysis/projects/commons-configuration/src/main/java/org/apache/commons/configuration2/tree/OverrideCombiner.java,0.6613231301307678
/home/dorma10/mutation-analysis/projects/commons-configuration/src/main/java/org/apache/commons/configuration2/tree/NodeCombiner.java,0.8916261345148087
/home/dorma10/mutation-analysis/projects/commons-configuration/src/main/java/org/apache/commons/configuration2/tree/ReferenceTracker.java,0.8708250423272451
/home/dorma10/mutation-analysis/projects/commons-configuration/src/main/java/org/apache/commons/configuration2/tree/NodeHandler.java,0.7971098616719245
/home/dorma10/mutation-analysis/projects/commons-configuration/src/main/java/org/apache/commons/configuration2/tree/NodeMatcher.java,0.4943167269229889
/home/dorma10/mutation-analysis/projects/commons-configuration/src/main/java/org/apache/commons/configuration2/tree/AbstractImmutableNodeHandler.java,0.771206157548087
/home/dorma10/mutation-analysis/projects/commons-configuration/src/main/java/org/apache/commons/configuration2/tree/DefaultExpressionEngineSymbols.java,0.929716882109642
/home/dorma10/mutation-analysis/projects/commons-configuration/src/main/java/org/apache/commons/configuration2/tree/xpath/package-info.java,0.700985848903656
/home/dorma10/mutation-analysis/projects/commons-configuration/src/main/java/org/apache/commons/configuration2/tree/xpath/ConfigurationNodePointer.java,0.9123263590865665
/home/dorma10/mutation-analysis/projects/commons-configuration/src/main/java/org/apache/commons/configuration2/tree/xpath/ConfigurationNodePointerFactory.java,0.8604533416884286
/home/dorma10/mutation-analysis/projects/commons-configuration/src/main/java/org/apache/commons/configuration2/tree/xpath/ConfigurationNodeIteratorAttribute.java,0.8570499777793884
/home/dorma10/mutation-analysis/projects/commons-configuration/src/main/java/org/apache/commons/configuration2/tree/xpath/ConfigurationNodeIteratorChildren.java,0.8109162875584194
/home/dorma10/mutation-analysis/projects/commons-configuration/src/main/java/org/apache/commons/configuration2/tree/xpath/XPathExpressionEngine.java,0.7501886654645205
/home/dorma10/mutation-analysis/projects/commons-configuration/src/main/java/org/apache/commons/configuration2/tree/xpath/ConfigurationNodeIteratorBase.java,0.9262346369879586
/home/dorma10/mutation-analysis/projects/commons-configuration/src/main/java/org/apache/commons/configuration2/tree/xpath/ConfigurationAttributePointer.java,0.921735623053142
/home/dorma10/mutation-analysis/projects/commons-configuration/src/main/java/org/apache/commons/configuration2/tree/xpath/XPathContextFactory.java,0.7725677490234375
/home/dorma10/mutation-analysis/projects/commons-configuration/src/main/java/org/apache/commons/configuration2/tree/MergeCombiner.java,0.645566500723362
/home/dorma10/mutation-analysis/projects/commons-configuration/src/main/java/org/apache/commons/configuration2/tree/NodeKeyResolver.java,0.18598670810461043
/home/dorma10/mutation-analysis/projects/commons-configuration/src/main/java/org/apache/commons/configuration2/tree/TreeData.java,0.863015028146597
/home/dorma10/mutation-analysis/projects/commons-configuration/src/main/java/org/apache/commons/configuration2/tree/NodeTreeWalker.java,0.6895067811012268
/home/dorma10/mutation-analysis/projects/commons-configuration/src/main/java/org/apache/commons/configuration2/tree/NodeAddData.java,0.8989115158716837
/home/dorma10/mutation-analysis/projects/commons-configuration/src/main/java/org/apache/commons/configuration2/tree/NodeHandlerDecorator.java,0.7661992087960243
/home/dorma10/mutation-analysis/projects/commons-configuration/src/main/java/org/apache/commons/configuration2/tree/InMemoryNodeModelSupport.java,0.9106761813163757
/home/dorma10/mutation-analysis/projects/commons-configuration/src/main/java/org/apache/commons/configuration2/tree/UnionCombiner.java,0.7970775067806244
/home/dorma10/mutation-analysis/projects/commons-configuration/src/main/java/org/apache/commons/configuration2/tree/TrackedNodeModel.java,0.7882948350161314
/home/dorma10/mutation-analysis/projects/commons-configuration/src/main/java/org/apache/commons/configuration2/EnvironmentConfiguration.java,0.9303817451000214
/home/dorma10/mutation-analysis/projects/commons-configuration/src/main/java/org/apache/commons/configuration2/DynamicCombinedConfiguration.java,0.8354412831758198
/home/dorma10/mutation-analysis/projects/commons-configuration/src/main/java/org/apache/commons/configuration2/ConfigurationLookup.java,0.9095602631568909
/home/dorma10/mutation-analysis/projects/commons-configuration/src/main/java/org/apache/commons/configuration2/JNDIConfiguration.java,0.9165757486694738
/home/dorma10/mutation-analysis/projects/commons-configuration/src/main/java/org/apache/commons/configuration2/builder/HierarchicalBuilderParametersImpl.java,0.8813337087631226
/home/dorma10/mutation-analysis/projects/commons-configuration/src/main/java/org/apache/commons/configuration2/builder/XMLBuilderProperties.java,0.9193158646424612
/home/dorma10/mutation-analysis/projects/commons-configuration/src/main/java/org/apache/commons/configuration2/builder/DefaultParametersHandler.java,0.9677056074142456
/home/dorma10/mutation-analysis/projects/commons-configuration/src/main/java/org/apache/commons/configuration2/builder/package-info.java,0.4630208909511566
/home/dorma10/mutation-analysis/projects/commons-configuration/src/main/java/org/apache/commons/configuration2/builder/BasicConfigurationBuilder.java,0.8725341161092123
/home/dorma10/mutation-analysis/projects/commons-configuration/src/main/java/org/apache/commons/configuration2/builder/ReloadingBuilderSupportListener.java,0.8822296460469564
/home/dorma10/mutation-analysis/projects/commons-configuration/src/main/java/org/apache/commons/configuration2/builder/HierarchicalBuilderProperties.java,0.8770895004272461
/home/dorma10/mutation-analysis/projects/commons-configuration/src/main/java/org/apache/commons/configuration2/builder/AutoSaveListener.java,0.939317694732121
/home/dorma10/mutation-analysis/projects/commons-configuration/src/main/java/org/apache/commons/configuration2/builder/EventListenerProvider.java,0.9112514853477478
/home/dorma10/mutation-analysis/projects/commons-configuration/src/main/java/org/apache/commons/configuration2/builder/JndiBuilderParametersImpl.java,0.7925007939338684
/home/dorma10/mutation-analysis/projects/commons-configuration/src/main/java/org/apache/commons/configuration2/builder/combined/package-info.java,0.4542931914329529
/home/dorma10/mutation-analysis/projects/commons-configuration/src/main/java/org/apache/commons/configuration2/builder/combined/MultiWrapDynaClass.java,0.8432398239771525
/home/dorma10/mutation-analysis/projects/commons-configuration/src/main/java/org/apache/commons/configuration2/builder/combined/MultiFileBuilderParametersImpl.java,0.8579353913664818
/home/dorma10/mutation-analysis/projects/commons-configuration/src/main/java/org/apache/commons/configuration2/builder/combined/CombinedBuilderProperties.java,0.681970227509737
/home/dorma10/mutation-analysis/projects/commons-configuration/src/main/java/org/apache/commons/configuration2/builder/combined/CombinedBuilderParametersImpl.java,0.8709569772084554
/home/dorma10/mutation-analysis/projects/commons-configuration/src/main/java/org/apache/commons/configuration2/builder/combined/MultiFileBuilderProperties.java,0.8963237702846527
/home/dorma10/mutation-analysis/projects/commons-configuration/src/main/java/org/apache/commons/configuration2/builder/combined/ReloadingCombinedConfigurationBuilder.java,0.8540682852268219
/home/dorma10/mutation-analysis/projects/commons-configuration/src/main/java/org/apache/commons/configuration2/builder/combined/CombinedConfigurationBuilder.java,0.769027628140016
/home/dorma10/mutation-analysis/projects/commons-configuration/src/main/java/org/apache/commons/configuration2/builder/combined/MultiFileConfigurationBuilder.java,0.8218972654569716
/home/dorma10/mutation-analysis/projects/commons-configuration/src/main/java/org/apache/commons/configuration2/builder/combined/ConfigurationBuilderProvider.java,0.8090337514877319
/home/dorma10/mutation-analysis/projects/commons-configuration/src/main/java/org/apache/commons/configuration2/builder/combined/BaseConfigurationBuilderProvider.java,0.8450827784836292
/home/dorma10/mutation-analysis/projects/commons-configuration/src/main/java/org/apache/commons/configuration2/builder/combined/ReloadingMultiFileConfigurationBuilder.java,0.7158509130988803
/home/dorma10/mutation-analysis/projects/commons-configuration/src/main/java/org/apache/commons/configuration2/builder/combined/FileExtensionConfigurationBuilderProvider.java,0.8503695726394653
/home/dorma10/mutation-analysis/projects/commons-configuration/src/main/java/org/apache/commons/configuration2/builder/combined/MultiFileConfigurationBuilderProvider.java,0.7886169850826263
/home/dorma10/mutation-analysis/projects/commons-configuration/src/main/java/org/apache/commons/configuration2/builder/combined/ConfigurationDeclaration.java,0.8929085314273835
/home/dorma10/mutation-analysis/projects/commons-configuration/src/main/java/org/apache/commons/configuration2/builder/combined/MultiWrapDynaBean.java,0.8784616639216741
/home/dorma10/mutation-analysis/projects/commons-configuration/src/main/java/org/apache/commons/configuration2/builder/combined/CombinedConfigurationBuilderProvider.java,0.8069695681333542
/home/dorma10/mutation-analysis/projects/commons-configuration/src/main/java/org/apache/commons/configuration2/builder/ConfigurationBuilder.java,0.9347144365310669
/home/dorma10/mutation-analysis/projects/commons-configuration/src/main/java/org/apache/commons/configuration2/builder/fluent/FileBasedBuilderParameters.java,0.8576071262359619
/home/dorma10/mutation-analysis/projects/commons-configuration/src/main/java/org/apache/commons/configuration2/builder/fluent/package-info.java,0.44875267148017883
/home/dorma10/mutation-analysis/projects/commons-configuration/src/main/java/org/apache/commons/configuration2/builder/fluent/Parameters.java,0.8667957955285123
/home/dorma10/mutation-analysis/projects/commons-configuration/src/main/java/org/apache/commons/configuration2/builder/fluent/INIBuilderParameters.java,0.8493607640266418
/home/dorma10/mutation-analysis/projects/commons-configuration/src/main/java/org/apache/commons/configuration2/builder/fluent/MultiFileBuilderParameters.java,0.8243961334228516
/home/dorma10/mutation-analysis/projects/commons-configuration/src/main/java/org/apache/commons/configuration2/builder/fluent/HierarchicalBuilderParameters.java,0.8199591040611267
/home/dorma10/mutation-analysis/projects/commons-configuration/src/main/java/org/apache/commons/configuration2/builder/fluent/Configurations.java,0.8876970294045239
/home/dorma10/mutation-analysis/projects/commons-configuration/src/main/java/org/apache/commons/configuration2/builder/fluent/JndiBuilderParameters.java,0.8978992104530334
/home/dorma10/mutation-analysis/projects/commons-configuration/src/main/java/org/apache/commons/configuration2/builder/fluent/PropertiesBuilderParameters.java,0.8233548998832703
/home/dorma10/mutation-analysis/projects/commons-configuration/src/main/java/org/apache/commons/configuration2/builder/fluent/CombinedBuilderParameters.java,0.8806357383728027
/home/dorma10/mutation-analysis/projects/commons-configuration/src/main/java/org/apache/commons/configuration2/builder/fluent/DatabaseBuilderParameters.java,0.8899089097976685
/home/dorma10/mutation-analysis/projects/commons-configuration/src/main/java/org/apache/commons/configuration2/builder/fluent/XMLBuilderParameters.java,0.8493607640266418
/home/dorma10/mutation-analysis/projects/commons-configuration/src/main/java/org/apache/commons/configuration2/builder/FileBasedConfigurationBuilder.java,0.868777228726281
/home/dorma10/mutation-analysis/projects/commons-configuration/src/main/java/org/apache/commons/configuration2/builder/ConfigurationBuilderResultCreatedEvent.java,0.847470760345459
/home/dorma10/mutation-analysis/projects/commons-configuration/src/main/java/org/apache/commons/configuration2/builder/ConfigurationBuilderEvent.java,0.8689519762992859
/home/dorma10/mutation-analysis/projects/commons-configuration/src/main/java/org/apache/commons/configuration2/builder/PropertiesBuilderParametersImpl.java,0.7325845003128052
/home/dorma10/mutation-analysis/projects/commons-configuration/src/main/java/org/apache/commons/configuration2/builder/DefaultReloadingDetectorFactory.java,0.7231183648109436
/home/dorma10/mutation-analysis/projects/commons-configuration/src/main/java/org/apache/commons/configuration2/builder/DatabaseBuilderParametersImpl.java,0.7362150038991656
/home/dorma10/mutation-analysis/projects/commons-configuration/src/main/java/org/apache/commons/configuration2/builder/DatabaseBuilderProperties.java,0.9094090972627912
/home/dorma10/mutation-analysis/projects/commons-configuration/src/main/java/org/apache/commons/configuration2/builder/INIBuilderParametersImpl.java,0.6350130438804626
/home/dorma10/mutation-analysis/projects/commons-configuration/src/main/java/org/apache/commons/configuration2/builder/DefaultParametersManager.java,0.8177013397216797
/home/dorma10/mutation-analysis/projects/commons-configuration/src/main/java/org/apache/commons/configuration2/builder/ReloadingFileBasedConfigurationBuilder.java,0.8593513270219167
/home/dorma10/mutation-analysis/projects/commons-configuration/src/main/java/org/apache/commons/configuration2/builder/XMLBuilderParametersImpl.java,0.7769318744540215
/home/dorma10/mutation-analysis/projects/commons-configuration/src/main/java/org/apache/commons/configuration2/builder/EventListenerParameters.java,0.860006058216095
/home/dorma10/mutation-analysis/projects/commons-configuration/src/main/java/org/apache/commons/configuration2/builder/CopyObjectDefaultHandler.java,0.9320375720659891
/home/dorma10/mutation-analysis/projects/commons-configuration/src/main/java/org/apache/commons/configuration2/builder/BasicBuilderParameters.java,0.8762870934502832
/home/dorma10/mutation-analysis/projects/commons-configuration/src/main/java/org/apache/commons/configuration2/builder/BuilderParameters.java,0.7515409588813782
/home/dorma10/mutation-analysis/projects/commons-configuration/src/main/java/org/apache/commons/configuration2/builder/BasicBuilderProperties.java,0.8778317624872382
/home/dorma10/mutation-analysis/projects/commons-configuration/src/main/java/org/apache/commons/configuration2/builder/INIBuilderProperties.java,0.9290959437688192
/home/dorma10/mutation-analysis/projects/commons-configuration/src/main/java/org/apache/commons/configuration2/builder/BuilderConfigurationWrapperFactory.java,0.860070139169693
/home/dorma10/mutation-analysis/projects/commons-configuration/src/main/java/org/apache/commons/configuration2/builder/ReloadingDetectorFactory.java,0.8817768096923828
/home/dorma10/mutation-analysis/projects/commons-configuration/src/main/java/org/apache/commons/configuration2/builder/PropertiesBuilderProperties.java,0.8938328772783279
/home/dorma10/mutation-analysis/projects/commons-configuration/src/main/java/org/apache/commons/configuration2/builder/FileBasedBuilderParametersImpl.java,0.826176663239797
/home/dorma10/mutation-analysis/projects/commons-configuration/src/main/java/org/apache/commons/configuration2/builder/JndiBuilderProperties.java,0.9183568954467773
/home/dorma10/mutation-analysis/projects/commons-configuration/src/main/java/org/apache/commons/configuration2/builder/FileBasedBuilderProperties.java,0.8963501513004303
/home/dorma10/mutation-analysis/projects/commons-configuration/src/main/java/org/apache/commons/configuration2/web/ServletFilterConfiguration.java,0.8359335064888
/home/dorma10/mutation-analysis/projects/commons-configuration/src/main/java/org/apache/commons/configuration2/web/package-info.java,0.7271271347999573
/home/dorma10/mutation-analysis/projects/commons-configuration/src/main/java/org/apache/commons/configuration2/web/BaseWebConfiguration.java,0.9437930464744568
/home/dorma10/mutation-analysis/projects/commons-configuration/src/main/java/org/apache/commons/configuration2/web/ServletConfiguration.java,0.862419530749321
/home/dorma10/mutation-analysis/projects/commons-configuration/src/main/java/org/apache/commons/configuration2/web/ServletContextConfiguration.java,0.8439465165138245
/home/dorma10/mutation-analysis/projects/commons-configuration/src/main/java/org/apache/commons/configuration2/web/AppletConfiguration.java,0.7500745157400767
/home/dorma10/mutation-analysis/projects/commons-configuration/src/main/java/org/apache/commons/configuration2/web/ServletRequestConfiguration.java,0.8208442727724711
/home/dorma10/mutation-analysis/projects/commons-configuration/src/test/java/org/apache/commons/configuration2/DatabaseConfigurationTestHelper.java,0.8537601140829233
/home/dorma10/mutation-analysis/projects/commons-configuration/src/test/java/org/apache/commons/configuration2/TestPropertiesConfiguration.java,0.7920233464873998
/home/dorma10/mutation-analysis/projects/commons-configuration/src/test/java/org/apache/commons/configuration2/TestMapConfiguration.java,0.754993987083435
/home/dorma10/mutation-analysis/projects/commons-configuration/src/test/java/org/apache/commons/configuration2/TestSystemConfiguration.java,0.7890576422214508
/home/dorma10/mutation-analysis/projects/commons-configuration/src/test/java/org/apache/commons/configuration2/io/TestBasePathLocationStrategy.java,0.8489361306031545
/home/dorma10/mutation-analysis/projects/commons-configuration/src/test/java/org/apache/commons/configuration2/io/TestFileLocator.java,0.7728833556175232
/home/dorma10/mutation-analysis/projects/commons-configuration/src/test/java/org/apache/commons/configuration2/io/TestClasspathLocationStrategy.java,0.8130326271057129
/home/dorma10/mutation-analysis/projects/commons-configuration/src/test/java/org/apache/commons/configuration2/io/TestCombinedLocationStrategy.java,0.7826895330633435
/home/dorma10/mutation-analysis/projects/commons-configuration/src/test/java/org/apache/commons/configuration2/io/TestFileHandler.java,0.8434471853144534
/home/dorma10/mutation-analysis/projects/commons-configuration/src/test/java/org/apache/commons/configuration2/io/TestAbsoluteNameLocationStrategy.java,0.814802598953247
/home/dorma10/mutation-analysis/projects/commons-configuration/src/test/java/org/apache/commons/configuration2/io/TestDefaultFileSystem.java,0.8817664086818695
/home/dorma10/mutation-analysis/projects/commons-configuration/src/test/java/org/apache/commons/configuration2/io/TestProvidedURLLocationStrategy.java,0.8369402090708414
/home/dorma10/mutation-analysis/projects/commons-configuration/src/test/java/org/apache/commons/configuration2/io/TestHomeDirectoryLocationStrategy.java,0.8275254145264626
/home/dorma10/mutation-analysis/projects/commons-configuration/src/test/java/org/apache/commons/configuration2/io/TestFileSystemLocationStrategy.java,0.8699096143245697
/home/dorma10/mutation-analysis/projects/commons-configuration/src/test/java/org/apache/commons/configuration2/io/TestConfigurationLogger.java,0.8557076839839711
/home/dorma10/mutation-analysis/projects/commons-configuration/src/test/java/org/apache/commons/configuration2/io/TestFileLocatorUtils.java,0.7721679829037151
/home/dorma10/mutation-analysis/projects/commons-configuration/src/test/java/org/apache/commons/configuration2/TestHierarchicalXMLConfiguration.java,0.6772178436319033
/home/dorma10/mutation-analysis/projects/commons-configuration/src/test/java/org/apache/commons/configuration2/TestXMLConfiguration_605.java,0.30198502438989555
/home/dorma10/mutation-analysis/projects/commons-configuration/src/test/java/org/apache/commons/configuration2/TestConfigurationMap.java,0.8567802309989929
/home/dorma10/mutation-analysis/projects/commons-configuration/src/test/java/org/apache/commons/configuration2/TestEqualsProperty.java,0.7777295112609863
/home/dorma10/mutation-analysis/projects/commons-configuration/src/test/java/org/apache/commons/configuration2/spring/TestConfigurationPropertySource.java,0.7911827762921652
/home/dorma10/mutation-analysis/projects/commons-configuration/src/test/java/org/apache/commons/configuration2/spring/TestConfigurationPropertiesFactoryBean.java,0.6858520887114785
/home/dorma10/mutation-analysis/projects/commons-configuration/src/test/java/org/apache/commons/configuration2/TestCompositeConfigurationNonStringProperties.java,0.560680627822876
/home/dorma10/mutation-analysis/projects/commons-configuration/src/test/java/org/apache/commons/configuration2/ConfigurationAssert.java,0.8230895042419434
/home/dorma10/mutation-analysis/projects/commons-configuration/src/test/java/org/apache/commons/configuration2/TestStrictConfigurationComparator.java,0.8558235466480255
/home/dorma10/mutation-analysis/projects/commons-configuration/src/test/java/org/apache/commons/configuration2/TestINIConfiguration.java,0.8274940363107584
/home/dorma10/mutation-analysis/projects/commons-configuration/src/test/java/org/apache/commons/configuration2/TestXMLDocumentHelper.java,0.835109680891037
/home/dorma10/mutation-analysis/projects/commons-configuration/src/test/java/org/apache/commons/configuration2/MockInitialContextFactory.java,0.7870738059282303
/home/dorma10/mutation-analysis/projects/commons-configuration/src/test/java/org/apache/commons/configuration2/TestXMLConfiguration.java,0.7630466014146805
/home/dorma10/mutation-analysis/projects/commons-configuration/src/test/java/org/apache/commons/configuration2/TestBaseHierarchicalConfigurationSynchronization.java,0.8104892153488962
/home/dorma10/mutation-analysis/projects/commons-configuration/src/test/java/org/apache/commons/configuration2/event/TestEventSource.java,0.7974622923394908
/home/dorma10/mutation-analysis/projects/commons-configuration/src/test/java/org/apache/commons/configuration2/event/EventListenerTestImpl.java,0.8859035074710846
/home/dorma10/mutation-analysis/projects/commons-configuration/src/test/java/org/apache/commons/configuration2/event/TestEventType.java,0.909791499376297
/home/dorma10/mutation-analysis/projects/commons-configuration/src/test/java/org/apache/commons/configuration2/event/TestSubsetConfigurationEvents.java,0.538591206073761
/home/dorma10/mutation-analysis/projects/commons-configuration/src/test/java/org/apache/commons/configuration2/event/TestConfigurationEventTypes.java,0.8593803237784993
/home/dorma10/mutation-analysis/projects/commons-configuration/src/test/java/org/apache/commons/configuration2/event/TestEventListenerList.java,0.8302384742668697
/home/dorma10/mutation-analysis/projects/commons-configuration/src/test/java/org/apache/commons/configuration2/event/AbstractEventListenerTestImpl.java,0.8727738757928213
/home/dorma10/mutation-analysis/projects/commons-configuration/src/test/java/org/apache/commons/configuration2/event/TestXMLConfigurationEvents.java,0.8338087201118469
/home/dorma10/mutation-analysis/projects/commons-configuration/src/test/java/org/apache/commons/configuration2/event/AbstractTestConfigurationEvents.java,0.8715125858783722
/home/dorma10/mutation-analysis/projects/commons-configuration/src/test/java/org/apache/commons/configuration2/event/ErrorListenerTestImpl.java,0.805503785610199
/home/dorma10/mutation-analysis/projects/commons-configuration/src/test/java/org/apache/commons/configuration2/event/TestPropertiesConfigurationEvents.java,0.8143594264984131
/home/dorma10/mutation-analysis/projects/commons-configuration/src/test/java/org/apache/commons/configuration2/event/TestDatabaseConfigurationEvents.java,0.8574652870496114
/home/dorma10/mutation-analysis/projects/commons-configuration/src/test/java/org/apache/commons/configuration2/event/TestHierarchicalConfigurationEvents.java,0.7596682224954877
/home/dorma10/mutation-analysis/projects/commons-configuration/src/test/java/org/apache/commons/configuration2/event/TestMapConfigurationEvents.java,0.7000158429145813
/home/dorma10/mutation-analysis/projects/commons-configuration/src/test/java/org/apache/commons/configuration2/event/TestEvent.java,0.9412821928660074
/home/dorma10/mutation-analysis/projects/commons-configuration/src/test/java/org/apache/commons/configuration2/TestBaseConfiguration.java,0.793046945003701
/home/dorma10/mutation-analysis/projects/commons-configuration/src/test/java/org/apache/commons/configuration2/TestBaseNullConfiguration.java,0.8219254016876221
/home/dorma10/mutation-analysis/projects/commons-configuration/src/test/java/org/apache/commons/configuration2/FileURLStreamHandler.java,0.8322693854570389
/home/dorma10/mutation-analysis/projects/commons-configuration/src/test/java/org/apache/commons/configuration2/TestXMLListHandling.java,0.8738905679095875
/home/dorma10/mutation-analysis/projects/commons-configuration/src/test/java/org/apache/commons/configuration2/TestDatabaseConfiguration.java,0.7836107909679413
/home/dorma10/mutation-analysis/projects/commons-configuration/src/test/java/org/apache/commons/configuration2/TestNullCompositeConfiguration.java,0.6898642101635536
/home/dorma10/mutation-analysis/projects/commons-configuration/src/test/java/org/apache/commons/configuration2/TestNonStringProperties.java,0.6555280685424805
/home/dorma10/mutation-analysis/projects/commons-configuration/src/test/java/org/apache/commons/configuration2/TestThreesomeConfiguration.java,0.821610152721405
/home/dorma10/mutation-analysis/projects/commons-configuration/src/test/java/org/apache/commons/configuration2/TestConfigurationConverter.java,0.7012006683009011
/home/dorma10/mutation-analysis/projects/commons-configuration/src/test/java/org/apache/commons/configuration2/Logging.java,0.942121434211731
/home/dorma10/mutation-analysis/projects/commons-configuration/src/test/java/org/apache/commons/configuration2/TestNullJNDIEnvironmentValues.java,0.8232918060742892
/home/dorma10/mutation-analysis/projects/commons-configuration/src/test/java/org/apache/commons/configuration2/test/HsqlDB.java,0.7519759237766266
/home/dorma10/mutation-analysis/projects/commons-configuration/src/test/java/org/apache/commons/configuration2/SynchronizerTestImpl.java,0.9323063059286638
/home/dorma10/mutation-analysis/projects/commons-configuration/src/test/java/org/apache/commons/configuration2/TestHierarchicalConfiguration.java,0.8192125728184526
/home/dorma10/mutation-analysis/projects/commons-configuration/src/test/java/org/apache/commons/configuration2/TestPropertiesSequence.java,0.08887439966201782
/home/dorma10/mutation-analysis/projects/commons-configuration/src/test/java/org/apache/commons/configuration2/TestAbstractConfiguration.java,0.7973625361919403
/home/dorma10/mutation-analysis/projects/commons-configuration/src/test/java/org/apache/commons/configuration2/TestCombinedConfiguration.java,0.8166494693018889
/home/dorma10/mutation-analysis/projects/commons-configuration/src/test/java/org/apache/commons/configuration2/TestAbstractConfigurationBasicFeatures.java,0.8148085464064668
/home/dorma10/mutation-analysis/projects/commons-configuration/src/test/java/org/apache/commons/configuration2/TestCatalogResolver.java,0.8679315596818924
/home/dorma10/mutation-analysis/projects/commons-configuration/src/test/java/org/apache/commons/configuration2/TestYAMLConfiguration.java,0.7453175187110901
/home/dorma10/mutation-analysis/projects/commons-configuration/src/test/java/org/apache/commons/configuration2/TestEnvironmentConfiguration.java,0.8809014856815338
/home/dorma10/mutation-analysis/projects/commons-configuration/src/test/java/org/apache/commons/configuration2/interpol/TestDummyLookup.java,0.8667722940444946
/home/dorma10/mutation-analysis/projects/commons-configuration/src/test/java/org/apache/commons/configuration2/interpol/TestSystemPropertiesLookup.java,0.7267496883869171
/home/dorma10/mutation-analysis/projects/commons-configuration/src/test/java/org/apache/commons/configuration2/interpol/TestExprLookup.java,0.78262994363904
/home/dorma10/mutation-analysis/projects/commons-configuration/src/test/java/org/apache/commons/configuration2/interpol/TestEnvironmentLookup.java,0.8469081521034241
/home/dorma10/mutation-analysis/projects/commons-configuration/src/test/java/org/apache/commons/configuration2/interpol/TestConfigurationInterpolator.java,0.8707209123505486
/home/dorma10/mutation-analysis/projects/commons-configuration/src/test/java/org/apache/commons/configuration2/interpol/TestInterpolatorSpecification.java,0.8638248840967814
/home/dorma10/mutation-analysis/projects/commons-configuration/src/test/java/org/apache/commons/configuration2/interpol/TestConstantLookup.java,0.9345828565684232
/home/dorma10/mutation-analysis/projects/commons-configuration/src/test/java/org/apache/commons/configuration2/TestJNDIConfiguration.java,0.8516153608049665
/home/dorma10/mutation-analysis/projects/commons-configuration/src/test/java/org/apache/commons/configuration2/TestHierarchicalConfigurationXMLReader.java,0.5003202557563782
/home/dorma10/mutation-analysis/projects/commons-configuration/src/test/java/org/apache/commons/configuration2/InterpolationTestHelper.java,0.8501411577065786
/home/dorma10/mutation-analysis/projects/commons-configuration/src/test/java/org/apache/commons/configuration2/TestJNDIEnvironmentValues.java,0.8226816012309148
/home/dorma10/mutation-analysis/projects/commons-configuration/src/test/java/org/apache/commons/configuration2/TestAbstractConfigurationSynchronization.java,0.8628481881959098
/home/dorma10/mutation-analysis/projects/commons-configuration/src/test/java/org/apache/commons/configuration2/TestDataConfiguration.java,0.7173103379574323
/home/dorma10/mutation-analysis/projects/commons-configuration/src/test/java/org/apache/commons/configuration2/TestPatternSubtreeConfiguration.java,0.754257082939148
/home/dorma10/mutation-analysis/projects/commons-configuration/src/test/java/org/apache/commons/configuration2/TestJSONConfiguration.java,0.7235601165077903
/home/dorma10/mutation-analysis/projects/commons-configuration/src/test/java/org/apache/commons/configuration2/TestAbstractHierarchicalConfiguration.java,0.7553110873699188
/home/dorma10/mutation-analysis/projects/commons-configuration/src/test/java/org/apache/commons/configuration2/beanutils/TestConfigurationDynaBeanXMLConfig.java,0.9535105228424072
/home/dorma10/mutation-analysis/projects/commons-configuration/src/test/java/org/apache/commons/configuration2/beanutils/BeanCreationTestBeanWithListChild.java,0.8721645176410675
/home/dorma10/mutation-analysis/projects/commons-configuration/src/test/java/org/apache/commons/configuration2/beanutils/TestCombinedBeanDeclaration.java,0.8054643496870995
/home/dorma10/mutation-analysis/projects/commons-configuration/src/test/java/org/apache/commons/configuration2/beanutils/TestConstructorArg.java,0.8758054872353872
/home/dorma10/mutation-analysis/projects/commons-configuration/src/test/java/org/apache/commons/configuration2/beanutils/TestDefaultBeanFactory.java,0.7684903960478934
/home/dorma10/mutation-analysis/projects/commons-configuration/src/test/java/org/apache/commons/configuration2/beanutils/BeanCreationTestCtorBean.java,0.8254001438617706
/home/dorma10/mutation-analysis/projects/commons-configuration/src/test/java/org/apache/commons/configuration2/beanutils/TestBeanHelper.java,0.8127018941773309
/home/dorma10/mutation-analysis/projects/commons-configuration/src/test/java/org/apache/commons/configuration2/beanutils/TestConfigurationDynaBean.java,0.8745773302184211
/home/dorma10/mutation-analysis/projects/commons-configuration/src/test/java/org/apache/commons/configuration2/beanutils/BeanCreationTestBean.java,0.914903312921524
/home/dorma10/mutation-analysis/projects/commons-configuration/src/test/java/org/apache/commons/configuration2/beanutils/TestXMLBeanDeclaration.java,0.7758199310663975
/home/dorma10/mutation-analysis/projects/commons-configuration/src/test/java/org/apache/commons/configuration2/beanutils/BeanDeclarationTestImpl.java,0.7609606633583704
/home/dorma10/mutation-analysis/projects/commons-configuration/src/test/java/org/apache/commons/configuration2/TestBaseConfigurationXMLReader.java,0.7424775858720144
/home/dorma10/mutation-analysis/projects/commons-configuration/src/test/java/org/apache/commons/configuration2/BaseNonStringProperties.java,0.8475866654644841
/home/dorma10/mutation-analysis/projects/commons-configuration/src/test/java/org/apache/commons/configuration2/TestXMLPropertiesConfiguration.java,0.5692779809236527
/home/dorma10/mutation-analysis/projects/commons-configuration/src/test/java/org/apache/commons/configuration2/TestPropertiesConfigurationLayout.java,0.8771087937057018
/home/dorma10/mutation-analysis/projects/commons-configuration/src/test/java/org/apache/commons/configuration2/convert/TestDisabledListDelimiterHandler.java,0.8547525008519491
/home/dorma10/mutation-analysis/projects/commons-configuration/src/test/java/org/apache/commons/configuration2/convert/TestPropertyConverter.java,0.8687301339774296
/home/dorma10/mutation-analysis/projects/commons-configuration/src/test/java/org/apache/commons/configuration2/convert/TestDefaultListDelimiterHandler.java,0.907940391699473
/home/dorma10/mutation-analysis/projects/commons-configuration/src/test/java/org/apache/commons/configuration2/convert/TestDefaultConversionHandler.java,0.8669753670692444
/home/dorma10/mutation-analysis/projects/commons-configuration/src/test/java/org/apache/commons/configuration2/TestCompositeConfiguration.java,0.7665034814884788
/home/dorma10/mutation-analysis/projects/commons-configuration/src/test/java/org/apache/commons/configuration2/TestConfigurationSet.java,0.7813031524419785
/home/dorma10/mutation-analysis/projects/commons-configuration/src/test/java/org/apache/commons/configuration2/plist/TestPropertyListParser.java,0.7073125019669533
/home/dorma10/mutation-analysis/projects/commons-configuration/src/test/java/org/apache/commons/configuration2/plist/TestXMLPropertyListConfiguration.java,0.7675269121925036
/home/dorma10/mutation-analysis/projects/commons-configuration/src/test/java/org/apache/commons/configuration2/plist/TestPropertyListConfigurationEvents.java,0.6460710763931274
/home/dorma10/mutation-analysis/projects/commons-configuration/src/test/java/org/apache/commons/configuration2/plist/AbstractTestPListEvents.java,0.8987334370613098
/home/dorma10/mutation-analysis/projects/commons-configuration/src/test/java/org/apache/commons/configuration2/plist/TestXMLPropertyListConfigurationEvents.java,0.6234869956970215
/home/dorma10/mutation-analysis/projects/commons-configuration/src/test/java/org/apache/commons/configuration2/plist/TestPropertyListConfiguration.java,0.7691918837803381
/home/dorma10/mutation-analysis/projects/commons-configuration/src/test/java/org/apache/commons/configuration2/TestSubnodeConfiguration.java,0.8576654028147459
/home/dorma10/mutation-analysis/projects/commons-configuration/src/test/java/org/apache/commons/configuration2/reloading/AlwaysReloadingDetector.java,0.9638509750366211
/home/dorma10/mutation-analysis/projects/commons-configuration/src/test/java/org/apache/commons/configuration2/reloading/TestVFSFileHandlerReloadingDetector.java,0.8794784280988905
/home/dorma10/mutation-analysis/projects/commons-configuration/src/test/java/org/apache/commons/configuration2/reloading/RandomReloadingDetector.java,0.9071004092693329
/home/dorma10/mutation-analysis/projects/commons-configuration/src/test/java/org/apache/commons/configuration2/reloading/TestCombinedReloadingController.java,0.7962792267402014
/home/dorma10/mutation-analysis/projects/commons-configuration/src/test/java/org/apache/commons/configuration2/reloading/TestFileHandlerReloadingDetector.java,0.7895947694778442
/home/dorma10/mutation-analysis/projects/commons-configuration/src/test/java/org/apache/commons/configuration2/reloading/TestManagedReloadingDetector.java,0.8901988416910172
/home/dorma10/mutation-analysis/projects/commons-configuration/src/test/java/org/apache/commons/configuration2/reloading/TestReloadingController.java,0.7620725060502688
/home/dorma10/mutation-analysis/projects/commons-configuration/src/test/java/org/apache/commons/configuration2/reloading/TestPeriodicReloadingTrigger.java,0.7704686958056229
/home/dorma10/mutation-analysis/projects/commons-configuration/src/test/java/org/apache/commons/configuration2/sync/TestReadWriteSynchronizer.java,0.8402758674188093
/home/dorma10/mutation-analysis/projects/commons-configuration/src/test/java/org/apache/commons/configuration2/TestDynamicCombinedConfiguration.java,0.7118364936113357
/home/dorma10/mutation-analysis/projects/commons-configuration/src/test/java/org/apache/commons/configuration2/TestConfigurationUtils.java,0.8244786167686636
/home/dorma10/mutation-analysis/projects/commons-configuration/src/test/java/org/apache/commons/configuration2/TestImmutableConfiguration.java,0.8113215814034144
/home/dorma10/mutation-analysis/projects/commons-configuration/src/test/java/org/apache/commons/configuration2/TestConfigurationLookup.java,0.8092516422271728
/home/dorma10/mutation-analysis/projects/commons-configuration/src/test/java/org/apache/commons/configuration2/tree/NodeStructureHelper.java,0.863664525960173
/home/dorma10/mutation-analysis/projects/commons-configuration/src/test/java/org/apache/commons/configuration2/tree/TestInMemoryNodeModelTrackedNodes.java,0.7428246165736246
/home/dorma10/mutation-analysis/projects/commons-configuration/src/test/java/org/apache/commons/configuration2/tree/TestInMemoryNodeModelReferences.java,0.7762308232486248
/home/dorma10/mutation-analysis/projects/commons-configuration/src/test/java/org/apache/commons/configuration2/tree/TestNodeTreeWalker.java,0.791006201505661
/home/dorma10/mutation-analysis/projects/commons-configuration/src/test/java/org/apache/commons/configuration2/tree/TestNodeHandlerDecorator.java,0.7458629906177521
/home/dorma10/mutation-analysis/projects/commons-configuration/src/test/java/org/apache/commons/configuration2/tree/TestTrackedNodeHandler.java,0.7948181182146072
/home/dorma10/mutation-analysis/projects/commons-configuration/src/test/java/org/apache/commons/configuration2/tree/TestNodeSelector.java,0.813090694802148
/home/dorma10/mutation-analysis/projects/commons-configuration/src/test/java/org/apache/commons/configuration2/tree/TestDefaultConfigurationKey.java,0.8438899666070938
/home/dorma10/mutation-analysis/projects/commons-configuration/src/test/java/org/apache/commons/configuration2/tree/TestNodeAddData.java,0.8018064856529236
/home/dorma10/mutation-analysis/projects/commons-configuration/src/test/java/org/apache/commons/configuration2/tree/TestTreeData.java,0.8290656208992004
/home/dorma10/mutation-analysis/projects/commons-configuration/src/test/java/org/apache/commons/configuration2/tree/TestTrackedNodeModel.java,0.7972665008376626
/home/dorma10/mutation-analysis/projects/commons-configuration/src/test/java/org/apache/commons/configuration2/tree/TestNodeUpdateData.java,0.7117398008704185
/home/dorma10/mutation-analysis/projects/commons-configuration/src/test/java/org/apache/commons/configuration2/tree/TestNodeNameMatchers.java,0.854440364572737
/home/dorma10/mutation-analysis/projects/commons-configuration/src/test/java/org/apache/commons/configuration2/tree/AbstractImmutableNodeHandlerTest.java,0.748318401830537
/home/dorma10/mutation-analysis/projects/commons-configuration/src/test/java/org/apache/commons/configuration2/tree/TestOverrideCombiner.java,0.8344995439052582
/home/dorma10/mutation-analysis/projects/commons-configuration/src/test/java/org/apache/commons/configuration2/tree/AbstractCombinerTest.java,0.8589853346347809
/home/dorma10/mutation-analysis/projects/commons-configuration/src/test/java/org/apache/commons/configuration2/tree/xpath/TestConfigurationAttributePointer.java,0.8829197032111031
/home/dorma10/mutation-analysis/projects/commons-configuration/src/test/java/org/apache/commons/configuration2/tree/xpath/TestXPathExpressionEngine.java,0.8243534788489342
/home/dorma10/mutation-analysis/projects/commons-configuration/src/test/java/org/apache/commons/configuration2/tree/xpath/TestXPathContextFactory.java,0.7978423833847046
/home/dorma10/mutation-analysis/projects/commons-configuration/src/test/java/org/apache/commons/configuration2/tree/xpath/TestConfigurationIteratorAttributes.java,0.7757449746131897
/home/dorma10/mutation-analysis/projects/commons-configuration/src/test/java/org/apache/commons/configuration2/tree/xpath/TestConfigurationNodePointerFactory.java,0.8115177512168884
/home/dorma10/mutation-analysis/projects/commons-configuration/src/test/java/org/apache/commons/configuration2/tree/xpath/TestConfigurationNodeIteratorChildren.java,0.7238574255915249
/home/dorma10/mutation-analysis/projects/commons-configuration/src/test/java/org/apache/commons/configuration2/tree/xpath/AbstractXPathTest.java,0.7954272329807281
/home/dorma10/mutation-analysis/projects/commons-configuration/src/test/java/org/apache/commons/configuration2/tree/xpath/TestXPathExpressionEngineInConfig.java,0.8261320761271885
/home/dorma10/mutation-analysis/projects/commons-configuration/src/test/java/org/apache/commons/configuration2/tree/xpath/TestConfigurationNodePointer.java,0.8202386829588149
/home/dorma10/mutation-analysis/projects/commons-configuration/src/test/java/org/apache/commons/configuration2/tree/TestImmutableNode.java,0.8218831592135959
/home/dorma10/mutation-analysis/projects/commons-configuration/src/test/java/org/apache/commons/configuration2/tree/TestDefaultExpressionEngine.java,0.8247200003210103
/home/dorma10/mutation-analysis/projects/commons-configuration/src/test/java/org/apache/commons/configuration2/tree/TestQueryResult.java,0.8100786328315734
/home/dorma10/mutation-analysis/projects/commons-configuration/src/test/java/org/apache/commons/configuration2/tree/TestDefaultExpressionEngineSymbols.java,0.8629600140783522
/home/dorma10/mutation-analysis/projects/commons-configuration/src/test/java/org/apache/commons/configuration2/tree/TestMergeCombiner.java,0.856790648566352
/home/dorma10/mutation-analysis/projects/commons-configuration/src/test/java/org/apache/commons/configuration2/tree/TestInMemoryNodeModel.java,0.6614634431898594
/home/dorma10/mutation-analysis/projects/commons-configuration/src/test/java/org/apache/commons/configuration2/tree/TestUnionCombiner.java,0.8482151031494141
/home/dorma10/mutation-analysis/projects/commons-configuration/src/test/java/org/apache/commons/configuration2/NonCloneableConfiguration.java,0.9332782725493113
/home/dorma10/mutation-analysis/projects/commons-configuration/src/test/java/org/apache/commons/configuration2/TestEqualBehavior.java,0.6783340194008567
/home/dorma10/mutation-analysis/projects/commons-configuration/src/test/java/org/apache/commons/configuration2/builder/TestJndiBuilderParametersImpl.java,0.8321620941162109
/home/dorma10/mutation-analysis/projects/commons-configuration/src/test/java/org/apache/commons/configuration2/builder/TestDefaultParametersManager.java,0.7847558004515511
/home/dorma10/mutation-analysis/projects/commons-configuration/src/test/java/org/apache/commons/configuration2/builder/TestDatabaseBuilderParametersImpl.java,0.8818928135765923
/home/dorma10/mutation-analysis/projects/commons-configuration/src/test/java/org/apache/commons/configuration2/builder/TestXMLBuilderParametersImpl.java,0.7857568032211728
/home/dorma10/mutation-analysis/projects/commons-configuration/src/test/java/org/apache/commons/configuration2/builder/TestBasicConfigurationBuilderEvents.java,0.7999932657588612
/home/dorma10/mutation-analysis/projects/commons-configuration/src/test/java/org/apache/commons/configuration2/builder/combined/TestCombinedConfigurationBuilder.java,0.7770764967541636
/home/dorma10/mutation-analysis/projects/commons-configuration/src/test/java/org/apache/commons/configuration2/builder/combined/AbstractMultiFileConfigurationBuilderTest.java,0.902004849910736
/home/dorma10/mutation-analysis/projects/commons-configuration/src/test/java/org/apache/commons/configuration2/builder/combined/TestMultiWrapDynaBean.java,0.8623311743140221
/home/dorma10/mutation-analysis/projects/commons-configuration/src/test/java/org/apache/commons/configuration2/builder/combined/TestMultiFileConfigurationBuilder.java,0.6210507844623766
/home/dorma10/mutation-analysis/projects/commons-configuration/src/test/java/org/apache/commons/configuration2/builder/combined/TestBaseConfigurationBuilderProvider.java,0.8050149416222292
/home/dorma10/mutation-analysis/projects/commons-configuration/src/test/java/org/apache/commons/configuration2/builder/combined/TestReloadingCombinedConfigurationBuilder.java,0.7952886720498403
/home/dorma10/mutation-analysis/projects/commons-configuration/src/test/java/org/apache/commons/configuration2/builder/combined/TestCombinedBuilderParametersImpl.java,0.7795481798904282
/home/dorma10/mutation-analysis/projects/commons-configuration/src/test/java/org/apache/commons/configuration2/builder/combined/TestCombinedConfigurationBuilderVFS.java,0.6762416213750839
/home/dorma10/mutation-analysis/projects/commons-configuration/src/test/java/org/apache/commons/configuration2/builder/combined/TestConfigurationDeclaration.java,0.719792583159038
/home/dorma10/mutation-analysis/projects/commons-configuration/src/test/java/org/apache/commons/configuration2/builder/combined/TestReloadingMultiFileConfigurationBuilder.java,0.6482237905263901
/home/dorma10/mutation-analysis/projects/commons-configuration/src/test/java/org/apache/commons/configuration2/builder/combined/TestReloadingCombinedConfigurationBuilderFileBased.java,0.7739759162068367
/home/dorma10/mutation-analysis/projects/commons-configuration/src/test/java/org/apache/commons/configuration2/builder/combined/TestFileExtensionConfigurationBuilderProvider.java,0.8447404404481252
/home/dorma10/mutation-analysis/projects/commons-configuration/src/test/java/org/apache/commons/configuration2/builder/combined/TestMultiFileBuilderParametersImpl.java,0.838683545589447
/home/dorma10/mutation-analysis/projects/commons-configuration/src/test/java/org/apache/commons/configuration2/builder/TestPropertiesBuilderParametersImpl.java,0.759819421503279
/home/dorma10/mutation-analysis/projects/commons-configuration/src/test/java/org/apache/commons/configuration2/builder/TestBasicBuilderParameters.java,0.7936983287334443
/home/dorma10/mutation-analysis/projects/commons-configuration/src/test/java/org/apache/commons/configuration2/builder/TestBasicConfigurationBuilder.java,0.7350773078046346
/home/dorma10/mutation-analysis/projects/commons-configuration/src/test/java/org/apache/commons/configuration2/builder/BuilderEventListenerImpl.java,0.8598526567220688
/home/dorma10/mutation-analysis/projects/commons-configuration/src/test/java/org/apache/commons/configuration2/builder/TestFileBasedConfigurationBuilder.java,0.7756543251184317
/home/dorma10/mutation-analysis/projects/commons-configuration/src/test/java/org/apache/commons/configuration2/builder/fluent/TestConfigurations.java,0.8400131002068519
/home/dorma10/mutation-analysis/projects/commons-configuration/src/test/java/org/apache/commons/configuration2/builder/fluent/TestParameters.java,0.8038420627514521
/home/dorma10/mutation-analysis/projects/commons-configuration/src/test/java/org/apache/commons/configuration2/builder/TestHierarchicalBuilderParametersImpl.java,0.8092681914567947
/home/dorma10/mutation-analysis/projects/commons-configuration/src/test/java/org/apache/commons/configuration2/builder/TestFileBasedBuilderParameters.java,0.8283640742301941
/home/dorma10/mutation-analysis/projects/commons-configuration/src/test/java/org/apache/commons/configuration2/builder/TestReloadingBuilderSupportListener.java,0.7636372745037079
/home/dorma10/mutation-analysis/projects/commons-configuration/src/test/java/org/apache/commons/configuration2/builder/TestReloadingFileBasedConfigurationBuilder.java,0.7210244660576185
/home/dorma10/mutation-analysis/projects/commons-configuration/src/test/java/org/apache/commons/configuration2/builder/TestBuilderConfigurationWrapperFactory.java,0.7830323576927185
/home/dorma10/mutation-analysis/projects/commons-configuration/src/test/java/org/apache/commons/configuration2/builder/TestAutoSaveListener.java,0.8284240696165297
/home/dorma10/mutation-analysis/projects/commons-configuration/src/test/java/org/apache/commons/configuration2/builder/ParametersBeanTestImpl.java,0.8559043662888663
/home/dorma10/mutation-analysis/projects/commons-configuration/src/test/java/org/apache/commons/configuration2/builder/TestCopyObjectDefaultHandler.java,0.8201770067214966
/home/dorma10/mutation-analysis/projects/commons-configuration/src/test/java/org/apache/commons/configuration2/builder/TestDefaultReloadingDetectorFactory.java,0.846381942431132
/home/dorma10/mutation-analysis/projects/commons-configuration/src/test/java/org/apache/commons/configuration2/builder/TestEventListenerParameters.java,0.8156127333641052
/home/dorma10/mutation-analysis/projects/commons-configuration/src/test/java/org/apache/commons/configuration2/TestSubsetConfiguration.java,0.7407408250229699
/home/dorma10/mutation-analysis/projects/commons-configuration/src/test/java/org/apache/commons/configuration2/web/TestServletConfiguration.java,0.8114294886589051
/home/dorma10/mutation-analysis/projects/commons-configuration/src/test/java/org/apache/commons/configuration2/web/TestServletContextConfiguration.java,0.8341241031885147
/home/dorma10/mutation-analysis/projects/commons-configuration/src/test/java/org/apache/commons/configuration2/web/TestServletFilterConfiguration.java,0.8017060889138116
/home/dorma10/mutation-analysis/projects/commons-configuration/src/test/java/org/apache/commons/configuration2/web/TestAppletConfiguration.java,0.8959764157022748
/home/dorma10/mutation-analysis/projects/commons-configuration/src/test/java/org/apache/commons/configuration2/web/TestServletRequestConfiguration.java,0.7945228815078735
/home/dorma10/mutation-analysis/projects/commons-configuration/src/test/java/org/apache/commons/configuration2/NonStringTestHolder.java,0.783104798373054
/home/dorma10/mutation-analysis/projects/commons-configuration/target/generated-sources/javacc/org/apache/commons/configuration2/plist/PropertyListParser.java,0.7028873588176484
/home/dorma10/mutation-analysis/projects/commons-configuration/target/generated-sources/javacc/org/apache/commons/configuration2/plist/SimpleCharStream.java,0.7634431390712658
/home/dorma10/mutation-analysis/projects/commons-configuration/target/generated-sources/javacc/org/apache/commons/configuration2/plist/PropertyListParserTokenManager.java,0.6818864947072143
/home/dorma10/mutation-analysis/projects/commons-configuration/target/generated-sources/javacc/org/apache/commons/configuration2/plist/ParseException.java,0.7193355068564415
/home/dorma10/mutation-analysis/projects/commons-configuration/target/generated-sources/javacc/org/apache/commons/configuration2/plist/Token.java,0.9736098647117615
/home/dorma10/mutation-analysis/projects/commons-configuration/target/generated-sources/javacc/org/apache/commons/configuration2/plist/TokenMgrError.java,0.8023378551006317
/home/dorma10/mutation-analysis/projects/commons-configuration/target/generated-sources/javacc/org/apache/commons/configuration2/plist/PropertyListParserConstants.java,0.9922528862953186
