/home/dorma10/mutation-analysis/projects/commons-bcel/src/main/java/org/apache/bcel/generic/F2D.java,0.9419081807136536
/home/dorma10/mutation-analysis/projects/commons-bcel/src/main/java/org/apache/bcel/generic/FADD.java,0.94440957903862
/home/dorma10/mutation-analysis/projects/commons-bcel/src/main/java/org/apache/bcel/generic/LocalVariableInstruction.java,0.8915132135152817
/home/dorma10/mutation-analysis/projects/commons-bcel/src/main/java/org/apache/bcel/generic/FRETURN.java,0.9383363723754883
/home/dorma10/mutation-analysis/projects/commons-bcel/src/main/java/org/apache/bcel/generic/MONITORENTER.java,0.8773014545440674
/home/dorma10/mutation-analysis/projects/commons-bcel/src/main/java/org/apache/bcel/generic/IFLT.java,0.9221208840608597
/home/dorma10/mutation-analysis/projects/commons-bcel/src/main/java/org/apache/bcel/generic/InstructionList.java,0.8122031427379968
/home/dorma10/mutation-analysis/projects/commons-bcel/src/main/java/org/apache/bcel/generic/IOR.java,0.9302287697792053
/home/dorma10/mutation-analysis/projects/commons-bcel/src/main/java/org/apache/bcel/generic/ARETURN.java,0.9410160183906555
/home/dorma10/mutation-analysis/projects/commons-bcel/src/main/java/org/apache/bcel/generic/IF_ICMPGE.java,0.9069660007953644
/home/dorma10/mutation-analysis/projects/commons-bcel/src/main/java/org/apache/bcel/generic/DMUL.java,0.9459863305091858
/home/dorma10/mutation-analysis/projects/commons-bcel/src/main/java/org/apache/bcel/generic/ElementValueGen.java,0.7736495435237885
/home/dorma10/mutation-analysis/projects/commons-bcel/src/main/java/org/apache/bcel/generic/NEWARRAY.java,0.9167436122894287
/home/dorma10/mutation-analysis/projects/commons-bcel/src/main/java/org/apache/bcel/generic/Visitor.java,0.7402108120654828
/home/dorma10/mutation-analysis/projects/commons-bcel/src/main/java/org/apache/bcel/generic/ISTORE.java,0.8964952429135641
/home/dorma10/mutation-analysis/projects/commons-bcel/src/main/java/org/apache/bcel/generic/ClassObserver.java,0.8061918020248413
/home/dorma10/mutation-analysis/projects/commons-bcel/src/main/java/org/apache/bcel/generic/INVOKEVIRTUAL.java,0.8230210542678833
/home/dorma10/mutation-analysis/projects/commons-bcel/src/main/java/org/apache/bcel/generic/ILOAD.java,0.9030228058497111
/home/dorma10/mutation-analysis/projects/commons-bcel/src/main/java/org/apache/bcel/generic/StackConsumer.java,0.9046012163162231
/home/dorma10/mutation-analysis/projects/commons-bcel/src/main/java/org/apache/bcel/generic/FCMPL.java,0.9333258469899496
/home/dorma10/mutation-analysis/projects/commons-bcel/src/main/java/org/apache/bcel/generic/IF_ACMPNE.java,0.9069660007953644
/home/dorma10/mutation-analysis/projects/commons-bcel/src/main/java/org/apache/bcel/generic/IF_ACMPEQ.java,0.9069660007953644
/home/dorma10/mutation-analysis/projects/commons-bcel/src/main/java/org/apache/bcel/generic/IRETURN.java,0.9377244412899017
/home/dorma10/mutation-analysis/projects/commons-bcel/src/main/java/org/apache/bcel/generic/BALOAD.java,0.945281445980072
/home/dorma10/mutation-analysis/projects/commons-bcel/src/main/java/org/apache/bcel/generic/ARRAYLENGTH.java,0.9279179175694784
/home/dorma10/mutation-analysis/projects/commons-bcel/src/main/java/org/apache/bcel/generic/FCONST.java,0.8321022093296051
/home/dorma10/mutation-analysis/projects/commons-bcel/src/main/java/org/apache/bcel/generic/IF_ICMPGT.java,0.9069660007953644
/home/dorma10/mutation-analysis/projects/commons-bcel/src/main/java/org/apache/bcel/generic/INVOKESPECIAL.java,0.8230210542678833
/home/dorma10/mutation-analysis/projects/commons-bcel/src/main/java/org/apache/bcel/generic/DSTORE.java,0.897434930006663
/home/dorma10/mutation-analysis/projects/commons-bcel/src/main/java/org/apache/bcel/generic/ISHR.java,0.9252791702747345
/home/dorma10/mutation-analysis/projects/commons-bcel/src/main/java/org/apache/bcel/generic/DCMPG.java,0.9329911669095358
/home/dorma10/mutation-analysis/projects/commons-bcel/src/main/java/org/apache/bcel/generic/ISUB.java,0.9455031156539917
/home/dorma10/mutation-analysis/projects/commons-bcel/src/main/java/org/apache/bcel/generic/SWAP.java,0.9374138712882996
/home/dorma10/mutation-analysis/projects/commons-bcel/src/main/java/org/apache/bcel/generic/IFLE.java,0.9221208840608597
/home/dorma10/mutation-analysis/projects/commons-bcel/src/main/java/org/apache/bcel/generic/LCONST.java,0.8373144388198852
/home/dorma10/mutation-analysis/projects/commons-bcel/src/main/java/org/apache/bcel/generic/EnumElementValueGen.java,0.776478824019432
/home/dorma10/mutation-analysis/projects/commons-bcel/src/main/java/org/apache/bcel/generic/DCMPL.java,0.9329911669095358
/home/dorma10/mutation-analysis/projects/commons-bcel/src/main/java/org/apache/bcel/generic/FieldGenOrMethodGen.java,0.9078260163466135
/home/dorma10/mutation-analysis/projects/commons-bcel/src/main/java/org/apache/bcel/generic/NameSignatureInstruction.java,0.7692051410675049
/home/dorma10/mutation-analysis/projects/commons-bcel/src/main/java/org/apache/bcel/generic/InstructionFactory.java,0.76107142311196
/home/dorma10/mutation-analysis/projects/commons-bcel/src/main/java/org/apache/bcel/generic/FieldObserver.java,0.8061918020248413
/home/dorma10/mutation-analysis/projects/commons-bcel/src/main/java/org/apache/bcel/generic/IADD.java,0.9437622129917145
/home/dorma10/mutation-analysis/projects/commons-bcel/src/main/java/org/apache/bcel/generic/INVOKEINTERFACE.java,0.8386494914690653
/home/dorma10/mutation-analysis/projects/commons-bcel/src/main/java/org/apache/bcel/generic/RET.java,0.9016406059265136
/home/dorma10/mutation-analysis/projects/commons-bcel/src/main/java/org/apache/bcel/generic/MONITOREXIT.java,0.8807351589202881
/home/dorma10/mutation-analysis/projects/commons-bcel/src/main/java/org/apache/bcel/generic/BranchHandle.java,0.902597102853987
/home/dorma10/mutation-analysis/projects/commons-bcel/src/main/java/org/apache/bcel/generic/L2D.java,0.9104712307453156
/home/dorma10/mutation-analysis/projects/commons-bcel/src/main/java/org/apache/bcel/generic/AllocationInstruction.java,0.9677563309669495
/home/dorma10/mutation-analysis/projects/commons-bcel/src/main/java/org/apache/bcel/generic/D2F.java,0.9419081807136536
/home/dorma10/mutation-analysis/projects/commons-bcel/src/main/java/org/apache/bcel/generic/JSR_W.java,0.9089296817779541
/home/dorma10/mutation-analysis/projects/commons-bcel/src/main/java/org/apache/bcel/generic/LMUL.java,0.9252791702747345
/home/dorma10/mutation-analysis/projects/commons-bcel/src/main/java/org/apache/bcel/generic/F2L.java,0.9431117475032806
/home/dorma10/mutation-analysis/projects/commons-bcel/src/main/java/org/apache/bcel/generic/FASTORE.java,0.9403679072856903
/home/dorma10/mutation-analysis/projects/commons-bcel/src/main/java/org/apache/bcel/generic/FNEG.java,0.9252791702747345
/home/dorma10/mutation-analysis/projects/commons-bcel/src/main/java/org/apache/bcel/generic/Instruction.java,0.9160869791715717
/home/dorma10/mutation-analysis/projects/commons-bcel/src/main/java/org/apache/bcel/generic/ClassElementValueGen.java,0.8593613281846046
/home/dorma10/mutation-analysis/projects/commons-bcel/src/main/java/org/apache/bcel/generic/ClassGenException.java,0.9135576883951823
/home/dorma10/mutation-analysis/projects/commons-bcel/src/main/java/org/apache/bcel/generic/IMPDEP1.java,0.9035668075084686
/home/dorma10/mutation-analysis/projects/commons-bcel/src/main/java/org/apache/bcel/generic/ExceptionThrower.java,0.1891392320394516
/home/dorma10/mutation-analysis/projects/commons-bcel/src/main/java/org/apache/bcel/generic/LSTORE.java,0.8433940807978312
/home/dorma10/mutation-analysis/projects/commons-bcel/src/main/java/org/apache/bcel/generic/ISHL.java,0.9252791702747345
/home/dorma10/mutation-analysis/projects/commons-bcel/src/main/java/org/apache/bcel/generic/TABLESWITCH.java,0.812260627746582
/home/dorma10/mutation-analysis/projects/commons-bcel/src/main/java/org/apache/bcel/generic/InstructionConst.java,0.9235867857933044
/home/dorma10/mutation-analysis/projects/commons-bcel/src/main/java/org/apache/bcel/generic/FieldInstruction.java,0.90089898450034
/home/dorma10/mutation-analysis/projects/commons-bcel/src/main/java/org/apache/bcel/generic/GOTO.java,0.7781041026115417
/home/dorma10/mutation-analysis/projects/commons-bcel/src/main/java/org/apache/bcel/generic/IFNE.java,0.9221208840608597
/home/dorma10/mutation-analysis/projects/commons-bcel/src/main/java/org/apache/bcel/generic/TargetLostException.java,0.8782969415187836
/home/dorma10/mutation-analysis/projects/commons-bcel/src/main/java/org/apache/bcel/generic/ICONST.java,0.8770304918289185
/home/dorma10/mutation-analysis/projects/commons-bcel/src/main/java/org/apache/bcel/generic/IXOR.java,0.9252791702747345
/home/dorma10/mutation-analysis/projects/commons-bcel/src/main/java/org/apache/bcel/generic/FCMPG.java,0.9333258469899496
/home/dorma10/mutation-analysis/projects/commons-bcel/src/main/java/org/apache/bcel/generic/LSUB.java,0.9252791702747345
/home/dorma10/mutation-analysis/projects/commons-bcel/src/main/java/org/apache/bcel/generic/LADD.java,0.9252791702747345
/home/dorma10/mutation-analysis/projects/commons-bcel/src/main/java/org/apache/bcel/generic/L2F.java,0.9137736260890961
/home/dorma10/mutation-analysis/projects/commons-bcel/src/main/java/org/apache/bcel/generic/Type.java,0.7711089789867401
/home/dorma10/mutation-analysis/projects/commons-bcel/src/main/java/org/apache/bcel/generic/PushInstruction.java,0.9649063944816589
/home/dorma10/mutation-analysis/projects/commons-bcel/src/main/java/org/apache/bcel/generic/AnnotationElementValueGen.java,0.8037588426045009
/home/dorma10/mutation-analysis/projects/commons-bcel/src/main/java/org/apache/bcel/generic/FLOAD.java,0.9028857151667277
/home/dorma10/mutation-analysis/projects/commons-bcel/src/main/java/org/apache/bcel/generic/IMUL.java,0.9452917277812958
/home/dorma10/mutation-analysis/projects/commons-bcel/src/main/java/org/apache/bcel/generic/ConstantPushInstruction.java,0.7152101993560791
/home/dorma10/mutation-analysis/projects/commons-bcel/src/main/java/org/apache/bcel/generic/FREM.java,0.9459439218044281
/home/dorma10/mutation-analysis/projects/commons-bcel/src/main/java/org/apache/bcel/generic/InstructionHandle.java,0.8911283039129697
/home/dorma10/mutation-analysis/projects/commons-bcel/src/main/java/org/apache/bcel/generic/RETURN.java,0.9234799444675446
/home/dorma10/mutation-analysis/projects/commons-bcel/src/main/java/org/apache/bcel/generic/InstructionConstants.java,1.942357163997599E-9
/home/dorma10/mutation-analysis/projects/commons-bcel/src/main/java/org/apache/bcel/generic/IFEQ.java,0.9236889034509659
/home/dorma10/mutation-analysis/projects/commons-bcel/src/main/java/org/apache/bcel/generic/IndexedInstruction.java,0.9116085767745972
/home/dorma10/mutation-analysis/projects/commons-bcel/src/main/java/org/apache/bcel/generic/CPInstruction.java,0.9067119028833177
/home/dorma10/mutation-analysis/projects/commons-bcel/src/main/java/org/apache/bcel/generic/LXOR.java,0.9252791702747345
/home/dorma10/mutation-analysis/projects/commons-bcel/src/main/java/org/apache/bcel/generic/StoreInstruction.java,0.9596846302350363
/home/dorma10/mutation-analysis/projects/commons-bcel/src/main/java/org/apache/bcel/generic/IF_ICMPNE.java,0.9069660007953644
/home/dorma10/mutation-analysis/projects/commons-bcel/src/main/java/org/apache/bcel/generic/IAND.java,0.9252791702747345
/home/dorma10/mutation-analysis/projects/commons-bcel/src/main/java/org/apache/bcel/generic/I2F.java,0.9410640597343445
/home/dorma10/mutation-analysis/projects/commons-bcel/src/main/java/org/apache/bcel/generic/ASTORE.java,0.9027441541353861
/home/dorma10/mutation-analysis/projects/commons-bcel/src/main/java/org/apache/bcel/generic/BREAKPOINT.java,0.9149326980113983
/home/dorma10/mutation-analysis/projects/commons-bcel/src/main/java/org/apache/bcel/generic/PUSH.java,0.8101374094302838
/home/dorma10/mutation-analysis/projects/commons-bcel/src/main/java/org/apache/bcel/generic/PopInstruction.java,0.9658774137496948
/home/dorma10/mutation-analysis/projects/commons-bcel/src/main/java/org/apache/bcel/generic/LSHL.java,0.9252791702747345
/home/dorma10/mutation-analysis/projects/commons-bcel/src/main/java/org/apache/bcel/generic/DCONST.java,0.8503829061985015
/home/dorma10/mutation-analysis/projects/commons-bcel/src/main/java/org/apache/bcel/generic/IF_ICMPEQ.java,0.9069660007953644
/home/dorma10/mutation-analysis/projects/commons-bcel/src/main/java/org/apache/bcel/generic/MethodGen.java,0.7626514244061636
/home/dorma10/mutation-analysis/projects/commons-bcel/src/main/java/org/apache/bcel/generic/ReferenceType.java,0.7762296994527181
/home/dorma10/mutation-analysis/projects/commons-bcel/src/main/java/org/apache/bcel/generic/DUP.java,0.9325295388698578
/home/dorma10/mutation-analysis/projects/commons-bcel/src/main/java/org/apache/bcel/generic/DUP2_X1.java,0.8653556704521179
/home/dorma10/mutation-analysis/projects/commons-bcel/src/main/java/org/apache/bcel/generic/ACONST_NULL.java,0.9395484328269958
/home/dorma10/mutation-analysis/projects/commons-bcel/src/main/java/org/apache/bcel/generic/CHECKCAST.java,0.8395304679870605
/home/dorma10/mutation-analysis/projects/commons-bcel/src/main/java/org/apache/bcel/generic/IALOAD.java,0.9439729452133179
/home/dorma10/mutation-analysis/projects/commons-bcel/src/main/java/org/apache/bcel/generic/POP.java,0.9390894174575806
/home/dorma10/mutation-analysis/projects/commons-bcel/src/main/java/org/apache/bcel/generic/SASTORE.java,0.9119285643100739
/home/dorma10/mutation-analysis/projects/commons-bcel/src/main/java/org/apache/bcel/generic/IASTORE.java,0.9418262541294098
/home/dorma10/mutation-analysis/projects/commons-bcel/src/main/java/org/apache/bcel/generic/CALOAD.java,0.9425812363624573
/home/dorma10/mutation-analysis/projects/commons-bcel/src/main/java/org/apache/bcel/generic/D2I.java,0.9413529932498932
/home/dorma10/mutation-analysis/projects/commons-bcel/src/main/java/org/apache/bcel/generic/ReturnInstruction.java,0.9091834783554077
/home/dorma10/mutation-analysis/projects/commons-bcel/src/main/java/org/apache/bcel/generic/INVOKESTATIC.java,0.8380603730678559
/home/dorma10/mutation-analysis/projects/commons-bcel/src/main/java/org/apache/bcel/generic/CompoundInstruction.java,0.5584467649459839
/home/dorma10/mutation-analysis/projects/commons-bcel/src/main/java/org/apache/bcel/generic/IREM.java,0.9337041974067688
/home/dorma10/mutation-analysis/projects/commons-bcel/src/main/java/org/apache/bcel/generic/InstructionComparator.java,0.4574336111545563
/home/dorma10/mutation-analysis/projects/commons-bcel/src/main/java/org/apache/bcel/generic/ANEWARRAY.java,0.7801326394081116
/home/dorma10/mutation-analysis/projects/commons-bcel/src/main/java/org/apache/bcel/generic/FieldOrMethod.java,0.7550106681883335
/home/dorma10/mutation-analysis/projects/commons-bcel/src/main/java/org/apache/bcel/generic/Select.java,0.9123714080563298
/home/dorma10/mutation-analysis/projects/commons-bcel/src/main/java/org/apache/bcel/generic/CASTORE.java,0.9400656223297119
/home/dorma10/mutation-analysis/projects/commons-bcel/src/main/java/org/apache/bcel/generic/LNEG.java,0.9252791702747345
/home/dorma10/mutation-analysis/projects/commons-bcel/src/main/java/org/apache/bcel/generic/FieldGen.java,0.8025447150071462
/home/dorma10/mutation-analysis/projects/commons-bcel/src/main/java/org/apache/bcel/generic/FALOAD.java,0.9428946077823639
/home/dorma10/mutation-analysis/projects/commons-bcel/src/main/java/org/apache/bcel/generic/DADD.java,0.944646418094635
/home/dorma10/mutation-analysis/projects/commons-bcel/src/main/java/org/apache/bcel/generic/DREM.java,0.9462277293205261
/home/dorma10/mutation-analysis/projects/commons-bcel/src/main/java/org/apache/bcel/generic/BranchInstruction.java,0.9134349657429589
/home/dorma10/mutation-analysis/projects/commons-bcel/src/main/java/org/apache/bcel/generic/ArrayInstruction.java,0.7932915836572647
/home/dorma10/mutation-analysis/projects/commons-bcel/src/main/java/org/apache/bcel/generic/LALOAD.java,0.9425812363624573
/home/dorma10/mutation-analysis/projects/commons-bcel/src/main/java/org/apache/bcel/generic/MULTIANEWARRAY.java,0.8580775613134558
/home/dorma10/mutation-analysis/projects/commons-bcel/src/main/java/org/apache/bcel/generic/LOR.java,0.9302287697792053
/home/dorma10/mutation-analysis/projects/commons-bcel/src/main/java/org/apache/bcel/generic/DUP2.java,0.9053528308868408
/home/dorma10/mutation-analysis/projects/commons-bcel/src/main/java/org/apache/bcel/generic/LASTORE.java,0.9400656223297119
/home/dorma10/mutation-analysis/projects/commons-bcel/src/main/java/org/apache/bcel/generic/AALOAD.java,0.9441467821598053
/home/dorma10/mutation-analysis/projects/commons-bcel/src/main/java/org/apache/bcel/generic/ClassGen.java,0.8525437707150424
/home/dorma10/mutation-analysis/projects/commons-bcel/src/main/java/org/apache/bcel/generic/ConstantPoolGen.java,0.8179089403370532
/home/dorma10/mutation-analysis/projects/commons-bcel/src/main/java/org/apache/bcel/generic/INSTANCEOF.java,0.7791679441928864
/home/dorma10/mutation-analysis/projects/commons-bcel/src/main/java/org/apache/bcel/generic/VariableLengthInstruction.java,0.9670971632003784
/home/dorma10/mutation-analysis/projects/commons-bcel/src/main/java/org/apache/bcel/generic/AASTORE.java,0.9418209493160248
/home/dorma10/mutation-analysis/projects/commons-bcel/src/main/java/org/apache/bcel/generic/IFGT.java,0.9221208840608597
/home/dorma10/mutation-analysis/projects/commons-bcel/src/main/java/org/apache/bcel/generic/ALOAD.java,0.9037595391273499
/home/dorma10/mutation-analysis/projects/commons-bcel/src/main/java/org/apache/bcel/generic/IFNULL.java,0.9145979136228561
/home/dorma10/mutation-analysis/projects/commons-bcel/src/main/java/org/apache/bcel/generic/LAND.java,0.932646781206131
/home/dorma10/mutation-analysis/projects/commons-bcel/src/main/java/org/apache/bcel/generic/JSR.java,0.7579094529151916
/home/dorma10/mutation-analysis/projects/commons-bcel/src/main/java/org/apache/bcel/generic/D2L.java,0.9465882182121277
/home/dorma10/mutation-analysis/projects/commons-bcel/src/main/java/org/apache/bcel/generic/LoadClass.java,0.8535228371620178
/home/dorma10/mutation-analysis/projects/commons-bcel/src/main/java/org/apache/bcel/generic/LUSHR.java,0.9199805855751038
/home/dorma10/mutation-analysis/projects/commons-bcel/src/main/java/org/apache/bcel/generic/DUP_X1.java,0.9081815481185913
/home/dorma10/mutation-analysis/projects/commons-bcel/src/main/java/org/apache/bcel/generic/SALOAD.java,0.9177090525627136
/home/dorma10/mutation-analysis/projects/commons-bcel/src/main/java/org/apache/bcel/generic/DDIV.java,0.9455031156539917
/home/dorma10/mutation-analysis/projects/commons-bcel/src/main/java/org/apache/bcel/generic/IfInstruction.java,0.955177923043569
/home/dorma10/mutation-analysis/projects/commons-bcel/src/main/java/org/apache/bcel/generic/DSUB.java,0.9455194473266602
/home/dorma10/mutation-analysis/projects/commons-bcel/src/main/java/org/apache/bcel/generic/DASTORE.java,0.9406620562076569
/home/dorma10/mutation-analysis/projects/commons-bcel/src/main/java/org/apache/bcel/generic/L2I.java,0.9137736260890961
/home/dorma10/mutation-analysis/projects/commons-bcel/src/main/java/org/apache/bcel/generic/LDC2_W.java,0.7798580288887024
/home/dorma10/mutation-analysis/projects/commons-bcel/src/main/java/org/apache/bcel/generic/INVOKEDYNAMIC.java,0.8327128522925906
/home/dorma10/mutation-analysis/projects/commons-bcel/src/main/java/org/apache/bcel/generic/NEW.java,0.8170695781707764
/home/dorma10/mutation-analysis/projects/commons-bcel/src/main/java/org/apache/bcel/generic/UnconditionalBranch.java,0.9682215452194214
/home/dorma10/mutation-analysis/projects/commons-bcel/src/main/java/org/apache/bcel/generic/I2D.java,0.9431117475032806
/home/dorma10/mutation-analysis/projects/commons-bcel/src/main/java/org/apache/bcel/generic/IDIV.java,0.9331221779187521
/home/dorma10/mutation-analysis/projects/commons-bcel/src/main/java/org/apache/bcel/generic/ArithmeticInstruction.java,0.8041008710861206
/home/dorma10/mutation-analysis/projects/commons-bcel/src/main/java/org/apache/bcel/generic/PUTFIELD.java,0.8299570858478547
/home/dorma10/mutation-analysis/projects/commons-bcel/src/main/java/org/apache/bcel/generic/LineNumberGen.java,0.8868405620257059
/home/dorma10/mutation-analysis/projects/commons-bcel/src/main/java/org/apache/bcel/generic/LOOKUPSWITCH.java,0.8051859617233277
/home/dorma10/mutation-analysis/projects/commons-bcel/src/main/java/org/apache/bcel/generic/InvokeInstruction.java,0.8683386385440827
/home/dorma10/mutation-analysis/projects/commons-bcel/src/main/java/org/apache/bcel/generic/AnnotationEntryGen.java,0.7131277488337623
/home/dorma10/mutation-analysis/projects/commons-bcel/src/main/java/org/apache/bcel/generic/INEG.java,0.9252791702747345
/home/dorma10/mutation-analysis/projects/commons-bcel/src/main/java/org/apache/bcel/generic/LDC_W.java,0.9404162367184957
/home/dorma10/mutation-analysis/projects/commons-bcel/src/main/java/org/apache/bcel/generic/StackInstruction.java,0.9557395974795023
/home/dorma10/mutation-analysis/projects/commons-bcel/src/main/java/org/apache/bcel/generic/JsrInstruction.java,0.8066209852695465
/home/dorma10/mutation-analysis/projects/commons-bcel/src/main/java/org/apache/bcel/generic/InstructionTargeter.java,0.8924563527107239
/home/dorma10/mutation-analysis/projects/commons-bcel/src/main/java/org/apache/bcel/generic/FSTORE.java,0.8986197312672933
/home/dorma10/mutation-analysis/projects/commons-bcel/src/main/java/org/apache/bcel/generic/ArrayElementValueGen.java,0.7431103852060106
/home/dorma10/mutation-analysis/projects/commons-bcel/src/main/java/org/apache/bcel/generic/LCMP.java,0.9377239147822062
/home/dorma10/mutation-analysis/projects/commons-bcel/src/main/java/org/apache/bcel/generic/DUP_X2.java,0.9081815481185913
/home/dorma10/mutation-analysis/projects/commons-bcel/src/main/java/org/apache/bcel/generic/GETFIELD.java,0.834438556432724
/home/dorma10/mutation-analysis/projects/commons-bcel/src/main/java/org/apache/bcel/generic/F2I.java,0.9410640597343445
/home/dorma10/mutation-analysis/projects/commons-bcel/src/main/java/org/apache/bcel/generic/IUSHR.java,0.9199805855751038
/home/dorma10/mutation-analysis/projects/commons-bcel/src/main/java/org/apache/bcel/generic/CodeExceptionGen.java,0.8686585681779044
/home/dorma10/mutation-analysis/projects/commons-bcel/src/main/java/org/apache/bcel/generic/IF_ICMPLT.java,0.9069660007953644
/home/dorma10/mutation-analysis/projects/commons-bcel/src/main/java/org/apache/bcel/generic/I2B.java,0.940833568572998
/home/dorma10/mutation-analysis/projects/commons-bcel/src/main/java/org/apache/bcel/generic/TypedInstruction.java,0.6262566447257996
/home/dorma10/mutation-analysis/projects/commons-bcel/src/main/java/org/apache/bcel/generic/NOP.java,0.9531956911087036
/home/dorma10/mutation-analysis/projects/commons-bcel/src/main/java/org/apache/bcel/generic/SIPUSH.java,0.9379322156310081
/home/dorma10/mutation-analysis/projects/commons-bcel/src/main/java/org/apache/bcel/generic/BIPUSH.java,0.9409924000501633
/home/dorma10/mutation-analysis/projects/commons-bcel/src/main/java/org/apache/bcel/generic/I2S.java,0.9199197590351105
/home/dorma10/mutation-analysis/projects/commons-bcel/src/main/java/org/apache/bcel/generic/LLOAD.java,0.8514813582102457
/home/dorma10/mutation-analysis/projects/commons-bcel/src/main/java/org/apache/bcel/generic/LREM.java,0.8977358539899191
/home/dorma10/mutation-analysis/projects/commons-bcel/src/main/java/org/apache/bcel/generic/I2L.java,0.9426201283931732
/home/dorma10/mutation-analysis/projects/commons-bcel/src/main/java/org/apache/bcel/generic/SimpleElementValueGen.java,0.6880272943526506
/home/dorma10/mutation-analysis/projects/commons-bcel/src/main/java/org/apache/bcel/generic/LocalVariableGen.java,0.8962874127470929
/home/dorma10/mutation-analysis/projects/commons-bcel/src/main/java/org/apache/bcel/generic/FSUB.java,0.9459863305091858
/home/dorma10/mutation-analysis/projects/commons-bcel/src/main/java/org/apache/bcel/generic/GotoInstruction.java,0.8839461803436279
/home/dorma10/mutation-analysis/projects/commons-bcel/src/main/java/org/apache/bcel/generic/PUTSTATIC.java,0.8239661157131195
/home/dorma10/mutation-analysis/projects/commons-bcel/src/main/java/org/apache/bcel/generic/GETSTATIC.java,0.8251840174198151
/home/dorma10/mutation-analysis/projects/commons-bcel/src/main/java/org/apache/bcel/generic/IFGE.java,0.9221208840608597
/home/dorma10/mutation-analysis/projects/commons-bcel/src/main/java/org/apache/bcel/generic/ObjectType.java,0.8940971060232683
/home/dorma10/mutation-analysis/projects/commons-bcel/src/main/java/org/apache/bcel/generic/GOTO_W.java,0.9061639428138732
/home/dorma10/mutation-analysis/projects/commons-bcel/src/main/java/org/apache/bcel/generic/FDIV.java,0.9452917277812958
/home/dorma10/mutation-analysis/projects/commons-bcel/src/main/java/org/apache/bcel/generic/DNEG.java,0.9252791702747345
/home/dorma10/mutation-analysis/projects/commons-bcel/src/main/java/org/apache/bcel/generic/MethodObserver.java,0.7862358093261719
/home/dorma10/mutation-analysis/projects/commons-bcel/src/main/java/org/apache/bcel/generic/InstructionListObserver.java,0.7492383718490601
/home/dorma10/mutation-analysis/projects/commons-bcel/src/main/java/org/apache/bcel/generic/SWITCH.java,0.7058503883225578
/home/dorma10/mutation-analysis/projects/commons-bcel/src/main/java/org/apache/bcel/generic/IFNONNULL.java,0.9084040373563766
/home/dorma10/mutation-analysis/projects/commons-bcel/src/main/java/org/apache/bcel/generic/IF_ICMPLE.java,0.9069660007953644
/home/dorma10/mutation-analysis/projects/commons-bcel/src/main/java/org/apache/bcel/generic/LSHR.java,0.9252791702747345
/home/dorma10/mutation-analysis/projects/commons-bcel/src/main/java/org/apache/bcel/generic/ConversionInstruction.java,0.8706112702687582
/home/dorma10/mutation-analysis/projects/commons-bcel/src/main/java/org/apache/bcel/generic/IINC.java,0.8924169161102988
/home/dorma10/mutation-analysis/projects/commons-bcel/src/main/java/org/apache/bcel/generic/DUP2_X2.java,0.8653556704521179
/home/dorma10/mutation-analysis/projects/commons-bcel/src/main/java/org/apache/bcel/generic/DLOAD.java,0.9041863481203715
/home/dorma10/mutation-analysis/projects/commons-bcel/src/main/java/org/apache/bcel/generic/ReturnaddressType.java,0.884282386302948
/home/dorma10/mutation-analysis/projects/commons-bcel/src/main/java/org/apache/bcel/generic/LRETURN.java,0.9092850983142853
/home/dorma10/mutation-analysis/projects/commons-bcel/src/main/java/org/apache/bcel/generic/FMUL.java,0.9457622766494751
/home/dorma10/mutation-analysis/projects/commons-bcel/src/main/java/org/apache/bcel/generic/DALOAD.java,0.9431084394454956
/home/dorma10/mutation-analysis/projects/commons-bcel/src/main/java/org/apache/bcel/generic/DRETURN.java,0.938552588224411
/home/dorma10/mutation-analysis/projects/commons-bcel/src/main/java/org/apache/bcel/generic/EmptyVisitor.java,0.8840260377246372
/home/dorma10/mutation-analysis/projects/commons-bcel/src/main/java/org/apache/bcel/generic/IMPDEP2.java,0.9035668075084686
/home/dorma10/mutation-analysis/projects/commons-bcel/src/main/java/org/apache/bcel/generic/LDIV.java,0.8977358539899191
/home/dorma10/mutation-analysis/projects/commons-bcel/src/main/java/org/apache/bcel/generic/StackProducer.java,0.90229731798172
/home/dorma10/mutation-analysis/projects/commons-bcel/src/main/java/org/apache/bcel/generic/NamedAndTyped.java,0.7937564849853516
/home/dorma10/mutation-analysis/projects/commons-bcel/src/main/java/org/apache/bcel/generic/ATHROW.java,0.9459903240203857
/home/dorma10/mutation-analysis/projects/commons-bcel/src/main/java/org/apache/bcel/generic/I2C.java,0.9426201283931732
/home/dorma10/mutation-analysis/projects/commons-bcel/src/main/java/org/apache/bcel/generic/POP2.java,0.915397584438324
/home/dorma10/mutation-analysis/projects/commons-bcel/src/main/java/org/apache/bcel/generic/LoadInstruction.java,0.9619340300559998
/home/dorma10/mutation-analysis/projects/commons-bcel/src/main/java/org/apache/bcel/generic/BASTORE.java,0.9430499374866486
/home/dorma10/mutation-analysis/projects/commons-bcel/src/main/java/org/apache/bcel/generic/ElementValuePairGen.java,0.8699902958340116
/home/dorma10/mutation-analysis/projects/commons-bcel/src/main/java/org/apache/bcel/generic/BasicType.java,0.8246572315692902
/home/dorma10/mutation-analysis/projects/commons-bcel/src/main/java/org/apache/bcel/generic/LDC.java,0.7215385414659977
/home/dorma10/mutation-analysis/projects/commons-bcel/src/main/java/org/apache/bcel/generic/ArrayType.java,0.9096607640385628
/home/dorma10/mutation-analysis/projects/commons-bcel/src/main/java/org/apache/bcel/classfile/PMGClass.java,0.8820455166009756
/home/dorma10/mutation-analysis/projects/commons-bcel/src/main/java/org/apache/bcel/classfile/MethodParameter.java,0.8900220852631789
/home/dorma10/mutation-analysis/projects/commons-bcel/src/main/java/org/apache/bcel/classfile/BootstrapMethod.java,0.8539396982926589
/home/dorma10/mutation-analysis/projects/commons-bcel/src/main/java/org/apache/bcel/classfile/Visitor.java,0.7424538689747191
/home/dorma10/mutation-analysis/projects/commons-bcel/src/main/java/org/apache/bcel/classfile/Utility.java,0.7357555746745894
/home/dorma10/mutation-analysis/projects/commons-bcel/src/main/java/org/apache/bcel/classfile/ConstantCP.java,0.9319117486476898
/home/dorma10/mutation-analysis/projects/commons-bcel/src/main/java/org/apache/bcel/classfile/ConstantFloat.java,0.9583947857220968
/home/dorma10/mutation-analysis/projects/commons-bcel/src/main/java/org/apache/bcel/classfile/ConstantValue.java,0.9004750649134318
/home/dorma10/mutation-analysis/projects/commons-bcel/src/main/java/org/apache/bcel/classfile/AnnotationDefault.java,0.8798297473362514
/home/dorma10/mutation-analysis/projects/commons-bcel/src/main/java/org/apache/bcel/classfile/ConstantObject.java,0.8830379843711853
/home/dorma10/mutation-analysis/projects/commons-bcel/src/main/java/org/apache/bcel/classfile/Method.java,0.8724800288677216
/home/dorma10/mutation-analysis/projects/commons-bcel/src/main/java/org/apache/bcel/classfile/LineNumberTable.java,0.7693878845735029
/home/dorma10/mutation-analysis/projects/commons-bcel/src/main/java/org/apache/bcel/classfile/ConstantNameAndType.java,0.912684847911199
/home/dorma10/mutation-analysis/projects/commons-bcel/src/main/java/org/apache/bcel/classfile/ModuleProvides.java,0.8093218853076299
/home/dorma10/mutation-analysis/projects/commons-bcel/src/main/java/org/apache/bcel/classfile/NestHost.java,0.8925333552890353
/home/dorma10/mutation-analysis/projects/commons-bcel/src/main/java/org/apache/bcel/classfile/Deprecated.java,0.8948487639427185
/home/dorma10/mutation-analysis/projects/commons-bcel/src/main/java/org/apache/bcel/classfile/LocalVariableTypeTable.java,0.6575335751880299
/home/dorma10/mutation-analysis/projects/commons-bcel/src/main/java/org/apache/bcel/classfile/RuntimeVisibleParameterAnnotations.java,0.8134222626686096
/home/dorma10/mutation-analysis/projects/commons-bcel/src/main/java/org/apache/bcel/classfile/BootstrapMethods.java,0.7691720889674293
/home/dorma10/mutation-analysis/projects/commons-bcel/src/main/java/org/apache/bcel/classfile/ConstantPool.java,0.7733226316049695
/home/dorma10/mutation-analysis/projects/commons-bcel/src/main/java/org/apache/bcel/classfile/LocalVariableTable.java,0.8064492841561636
/home/dorma10/mutation-analysis/projects/commons-bcel/src/main/java/org/apache/bcel/classfile/Code.java,0.8444428091699426
/home/dorma10/mutation-analysis/projects/commons-bcel/src/main/java/org/apache/bcel/classfile/Field.java,0.8685635243143354
/home/dorma10/mutation-analysis/projects/commons-bcel/src/main/java/org/apache/bcel/classfile/ConstantPackage.java,0.9302706003189087
/home/dorma10/mutation-analysis/projects/commons-bcel/src/main/java/org/apache/bcel/classfile/Node.java,0.8463877439498901
/home/dorma10/mutation-analysis/projects/commons-bcel/src/main/java/org/apache/bcel/classfile/LineNumber.java,0.9517899534919045
/home/dorma10/mutation-analysis/projects/commons-bcel/src/main/java/org/apache/bcel/classfile/ConstantClass.java,0.933184951543808
/home/dorma10/mutation-analysis/projects/commons-bcel/src/main/java/org/apache/bcel/classfile/StackMapType.java,0.8669627262995794
/home/dorma10/mutation-analysis/projects/commons-bcel/src/main/java/org/apache/bcel/classfile/SimpleElementValue.java,0.6803070944423477
/home/dorma10/mutation-analysis/projects/commons-bcel/src/main/java/org/apache/bcel/classfile/CodeException.java,0.9108368789448458
/home/dorma10/mutation-analysis/projects/commons-bcel/src/main/java/org/apache/bcel/classfile/AnnotationElementValue.java,0.8348907113075257
/home/dorma10/mutation-analysis/projects/commons-bcel/src/main/java/org/apache/bcel/classfile/ConstantString.java,0.9257289350032807
/home/dorma10/mutation-analysis/projects/commons-bcel/src/main/java/org/apache/bcel/classfile/ClassFormatException.java,0.9193574984868368
/home/dorma10/mutation-analysis/projects/commons-bcel/src/main/java/org/apache/bcel/classfile/Constant.java,0.9104739597865513
/home/dorma10/mutation-analysis/projects/commons-bcel/src/main/java/org/apache/bcel/classfile/ElementValue.java,0.8896960881021287
/home/dorma10/mutation-analysis/projects/commons-bcel/src/main/java/org/apache/bcel/classfile/ConstantDynamic.java,0.8952232599258423
/home/dorma10/mutation-analysis/projects/commons-bcel/src/main/java/org/apache/bcel/classfile/ParameterAnnotationEntry.java,0.7053671061992646
/home/dorma10/mutation-analysis/projects/commons-bcel/src/main/java/org/apache/bcel/classfile/ArrayElementValue.java,0.7687710622946421
/home/dorma10/mutation-analysis/projects/commons-bcel/src/main/java/org/apache/bcel/classfile/ClassElementValue.java,0.8192578911781311
/home/dorma10/mutation-analysis/projects/commons-bcel/src/main/java/org/apache/bcel/classfile/RuntimeVisibleAnnotations.java,0.8582842350006104
/home/dorma10/mutation-analysis/projects/commons-bcel/src/main/java/org/apache/bcel/classfile/Synthetic.java,0.8870362970564101
/home/dorma10/mutation-analysis/projects/commons-bcel/src/main/java/org/apache/bcel/classfile/ConstantMethodref.java,0.9061214625835419
/home/dorma10/mutation-analysis/projects/commons-bcel/src/main/java/org/apache/bcel/classfile/EnumElementValue.java,0.7537573831421989
/home/dorma10/mutation-analysis/projects/commons-bcel/src/main/java/org/apache/bcel/classfile/ConstantInteger.java,0.9532096452183194
/home/dorma10/mutation-analysis/projects/commons-bcel/src/main/java/org/apache/bcel/classfile/ConstantLong.java,0.9567359023623996
/home/dorma10/mutation-analysis/projects/commons-bcel/src/main/java/org/apache/bcel/classfile/Unknown.java,0.8831380551511591
/home/dorma10/mutation-analysis/projects/commons-bcel/src/main/java/org/apache/bcel/classfile/Signature.java,0.8556705423091587
/home/dorma10/mutation-analysis/projects/commons-bcel/src/main/java/org/apache/bcel/classfile/RuntimeInvisibleParameterAnnotations.java,0.8056605458259583
/home/dorma10/mutation-analysis/projects/commons-bcel/src/main/java/org/apache/bcel/classfile/StackMap.java,0.8326996896002028
/home/dorma10/mutation-analysis/projects/commons-bcel/src/main/java/org/apache/bcel/classfile/ConstantModule.java,0.9311206042766571
/home/dorma10/mutation-analysis/projects/commons-bcel/src/main/java/org/apache/bcel/classfile/SourceFile.java,0.8994595468044281
/home/dorma10/mutation-analysis/projects/commons-bcel/src/main/java/org/apache/bcel/classfile/ModuleExports.java,0.7892763664325079
/home/dorma10/mutation-analysis/projects/commons-bcel/src/main/java/org/apache/bcel/classfile/EnclosingMethod.java,0.7880475195971403
/home/dorma10/mutation-analysis/projects/commons-bcel/src/main/java/org/apache/bcel/classfile/FieldOrMethod.java,0.8646933718731529
/home/dorma10/mutation-analysis/projects/commons-bcel/src/main/java/org/apache/bcel/classfile/Annotations.java,0.8580992743372917
/home/dorma10/mutation-analysis/projects/commons-bcel/src/main/java/org/apache/bcel/classfile/UnknownAttributeReader.java,0.8414912819862366
/home/dorma10/mutation-analysis/projects/commons-bcel/src/main/java/org/apache/bcel/classfile/ModuleMainClass.java,0.8853549427456326
/home/dorma10/mutation-analysis/projects/commons-bcel/src/main/java/org/apache/bcel/classfile/ParameterAnnotations.java,0.8459401428699493
/home/dorma10/mutation-analysis/projects/commons-bcel/src/main/java/org/apache/bcel/classfile/ConstantMethodType.java,0.906403087079525
/home/dorma10/mutation-analysis/projects/commons-bcel/src/main/java/org/apache/bcel/classfile/RuntimeInvisibleAnnotations.java,0.8690298199653625
/home/dorma10/mutation-analysis/projects/commons-bcel/src/main/java/org/apache/bcel/classfile/ModulePackages.java,0.7911427589980039
/home/dorma10/mutation-analysis/projects/commons-bcel/src/main/java/org/apache/bcel/classfile/ConstantFieldref.java,0.9100188761949539
/home/dorma10/mutation-analysis/projects/commons-bcel/src/main/java/org/apache/bcel/classfile/ExceptionTable.java,0.7937040708281777
/home/dorma10/mutation-analysis/projects/commons-bcel/src/main/java/org/apache/bcel/classfile/MethodParameters.java,0.7439788480599722
/home/dorma10/mutation-analysis/projects/commons-bcel/src/main/java/org/apache/bcel/classfile/InnerClass.java,0.8810810223221779
/home/dorma10/mutation-analysis/projects/commons-bcel/src/main/java/org/apache/bcel/classfile/JavaClass.java,0.8445576205849648
/home/dorma10/mutation-analysis/projects/commons-bcel/src/main/java/org/apache/bcel/classfile/ConstantMethodHandle.java,0.905215585231781
/home/dorma10/mutation-analysis/projects/commons-bcel/src/main/java/org/apache/bcel/classfile/LocalVariable.java,0.8986623883247375
/home/dorma10/mutation-analysis/projects/commons-bcel/src/main/java/org/apache/bcel/classfile/ElementValuePair.java,0.8213134507338206
/home/dorma10/mutation-analysis/projects/commons-bcel/src/main/java/org/apache/bcel/classfile/ConstantInterfaceMethodref.java,0.8776540756225586
/home/dorma10/mutation-analysis/projects/commons-bcel/src/main/java/org/apache/bcel/classfile/DescendingVisitor.java,0.791611175383291
/home/dorma10/mutation-analysis/projects/commons-bcel/src/main/java/org/apache/bcel/classfile/AnnotationEntry.java,0.7286257882912953
/home/dorma10/mutation-analysis/projects/commons-bcel/src/main/java/org/apache/bcel/classfile/ModuleOpens.java,0.7955033729473749
/home/dorma10/mutation-analysis/projects/commons-bcel/src/main/java/org/apache/bcel/classfile/AccessFlags.java,0.9196782341370215
/home/dorma10/mutation-analysis/projects/commons-bcel/src/main/java/org/apache/bcel/classfile/AttributeReader.java,0.800845742225647
/home/dorma10/mutation-analysis/projects/commons-bcel/src/main/java/org/apache/bcel/classfile/ClassParser.java,0.7955930829048157
/home/dorma10/mutation-analysis/projects/commons-bcel/src/main/java/org/apache/bcel/classfile/ConstantInvokeDynamic.java,0.8847937186559042
/home/dorma10/mutation-analysis/projects/commons-bcel/src/main/java/org/apache/bcel/classfile/NestMembers.java,0.8571555343541232
/home/dorma10/mutation-analysis/projects/commons-bcel/src/main/java/org/apache/bcel/classfile/Attribute.java,0.8913980439305306
/home/dorma10/mutation-analysis/projects/commons-bcel/src/main/java/org/apache/bcel/classfile/Module.java,0.7131879362795088
/home/dorma10/mutation-analysis/projects/commons-bcel/src/main/java/org/apache/bcel/classfile/StackMapEntry.java,0.6712487733558469
/home/dorma10/mutation-analysis/projects/commons-bcel/src/main/java/org/apache/bcel/classfile/EmptyVisitor.java,0.8502305972165075
/home/dorma10/mutation-analysis/projects/commons-bcel/src/main/java/org/apache/bcel/classfile/ModuleRequires.java,0.8181960185368856
/home/dorma10/mutation-analysis/projects/commons-bcel/src/main/java/org/apache/bcel/classfile/ConstantUtf8.java,0.8673858888009015
/home/dorma10/mutation-analysis/projects/commons-bcel/src/main/java/org/apache/bcel/classfile/InnerClasses.java,0.8169061144193014
/home/dorma10/mutation-analysis/projects/commons-bcel/src/main/java/org/apache/bcel/classfile/ConstantDouble.java,0.9554816749360826
/home/dorma10/mutation-analysis/projects/commons-bcel/src/main/java/org/apache/bcel/ExceptionConstants.java,0.9163361191749573
/home/dorma10/mutation-analysis/projects/commons-bcel/src/main/java/org/apache/bcel/ExceptionConst.java,0.4132848307490349
/home/dorma10/mutation-analysis/projects/commons-bcel/src/main/java/org/apache/bcel/Constants.java,1.1995251291848346E-25
/home/dorma10/mutation-analysis/projects/commons-bcel/src/main/java/org/apache/bcel/Repository.java,0.9023672086851937
/home/dorma10/mutation-analysis/projects/commons-bcel/src/main/java/org/apache/bcel/verifier/VerifyDialog.java,0.7291837753728032
/home/dorma10/mutation-analysis/projects/commons-bcel/src/main/java/org/apache/bcel/verifier/VerificationResult.java,0.8849388360977173
/home/dorma10/mutation-analysis/projects/commons-bcel/src/main/java/org/apache/bcel/verifier/VerifierFactoryObserver.java,0.974145233631134
/home/dorma10/mutation-analysis/projects/commons-bcel/src/main/java/org/apache/bcel/verifier/GraphicalVerifier.java,0.5534955710172653
/home/dorma10/mutation-analysis/projects/commons-bcel/src/main/java/org/apache/bcel/verifier/exc/Utility.java,0.9504815936088562
/home/dorma10/mutation-analysis/projects/commons-bcel/src/main/java/org/apache/bcel/verifier/exc/VerificationException.java,0.9350727200508118
/home/dorma10/mutation-analysis/projects/commons-bcel/src/main/java/org/apache/bcel/verifier/exc/LocalVariableInfoInconsistentException.java,0.9362226128578186
/home/dorma10/mutation-analysis/projects/commons-bcel/src/main/java/org/apache/bcel/verifier/exc/StaticCodeConstraintException.java,0.8308640718460083
/home/dorma10/mutation-analysis/projects/commons-bcel/src/main/java/org/apache/bcel/verifier/exc/AssertionViolatedException.java,0.9102782408396403
/home/dorma10/mutation-analysis/projects/commons-bcel/src/main/java/org/apache/bcel/verifier/exc/ClassConstraintException.java,0.9394661585489908
/home/dorma10/mutation-analysis/projects/commons-bcel/src/main/java/org/apache/bcel/verifier/exc/VerifierConstraintViolatedException.java,0.9159474611282349
/home/dorma10/mutation-analysis/projects/commons-bcel/src/main/java/org/apache/bcel/verifier/exc/LinkingConstraintException.java,0.9899444580078125
/home/dorma10/mutation-analysis/projects/commons-bcel/src/main/java/org/apache/bcel/verifier/exc/CodeConstraintException.java,0.9504882991313934
/home/dorma10/mutation-analysis/projects/commons-bcel/src/main/java/org/apache/bcel/verifier/exc/StaticCodeInstructionConstraintException.java,0.7744070291519165
/home/dorma10/mutation-analysis/projects/commons-bcel/src/main/java/org/apache/bcel/verifier/exc/StructuralCodeConstraintException.java,0.9438499808311462
/home/dorma10/mutation-analysis/projects/commons-bcel/src/main/java/org/apache/bcel/verifier/exc/StaticCodeInstructionOperandConstraintException.java,0.7379573583602905
/home/dorma10/mutation-analysis/projects/commons-bcel/src/main/java/org/apache/bcel/verifier/exc/LoadingException.java,0.9716969132423401
/home/dorma10/mutation-analysis/projects/commons-bcel/src/main/java/org/apache/bcel/verifier/exc/InvalidMethodException.java,0.9459668397903442
/home/dorma10/mutation-analysis/projects/commons-bcel/src/main/java/org/apache/bcel/verifier/PassVerifier.java,0.9521757215261459
/home/dorma10/mutation-analysis/projects/commons-bcel/src/main/java/org/apache/bcel/verifier/VerifierAppFrame.java,0.5610424040324605
/home/dorma10/mutation-analysis/projects/commons-bcel/src/main/java/org/apache/bcel/verifier/VerifierFactory.java,0.9192882577578226
/home/dorma10/mutation-analysis/projects/commons-bcel/src/main/java/org/apache/bcel/verifier/structurals/InstructionContext.java,0.8423134833574295
/home/dorma10/mutation-analysis/projects/commons-bcel/src/main/java/org/apache/bcel/verifier/structurals/ExecutionVisitor.java,0.9184762854606677
/home/dorma10/mutation-analysis/projects/commons-bcel/src/main/java/org/apache/bcel/verifier/structurals/Subroutine.java,0.9300418836729867
/home/dorma10/mutation-analysis/projects/commons-bcel/src/main/java/org/apache/bcel/verifier/structurals/LocalVariables.java,0.8572964767615
/home/dorma10/mutation-analysis/projects/commons-bcel/src/main/java/org/apache/bcel/verifier/structurals/ExceptionHandler.java,0.9073959191640218
/home/dorma10/mutation-analysis/projects/commons-bcel/src/main/java/org/apache/bcel/verifier/structurals/Frame.java,0.9333494955843146
/home/dorma10/mutation-analysis/projects/commons-bcel/src/main/java/org/apache/bcel/verifier/structurals/GenericArray.java,0.9110109210014343
/home/dorma10/mutation-analysis/projects/commons-bcel/src/main/java/org/apache/bcel/verifier/structurals/ExceptionHandlers.java,0.5085982382297516
/home/dorma10/mutation-analysis/projects/commons-bcel/src/main/java/org/apache/bcel/verifier/structurals/OperandStack.java,0.8764756117996416
/home/dorma10/mutation-analysis/projects/commons-bcel/src/main/java/org/apache/bcel/verifier/structurals/InstConstraintVisitor.java,0.6496439958723743
/home/dorma10/mutation-analysis/projects/commons-bcel/src/main/java/org/apache/bcel/verifier/structurals/Subroutines.java,0.6606032946570353
/home/dorma10/mutation-analysis/projects/commons-bcel/src/main/java/org/apache/bcel/verifier/structurals/Pass3bVerifier.java,0.7754048829160225
/home/dorma10/mutation-analysis/projects/commons-bcel/src/main/java/org/apache/bcel/verifier/structurals/UninitializedObjectType.java,0.9032217115163803
/home/dorma10/mutation-analysis/projects/commons-bcel/src/main/java/org/apache/bcel/verifier/structurals/ControlFlowGraph.java,0.7455319279716128
/home/dorma10/mutation-analysis/projects/commons-bcel/src/main/java/org/apache/bcel/verifier/TransitiveHull.java,0.5843106607596079
/home/dorma10/mutation-analysis/projects/commons-bcel/src/main/java/org/apache/bcel/verifier/NativeVerifier.java,0.6272275596857071
/home/dorma10/mutation-analysis/projects/commons-bcel/src/main/java/org/apache/bcel/verifier/statics/LocalVariablesInfo.java,0.6484993000825247
/home/dorma10/mutation-analysis/projects/commons-bcel/src/main/java/org/apache/bcel/verifier/statics/DOUBLE_Upper.java,0.9708254933357239
/home/dorma10/mutation-analysis/projects/commons-bcel/src/main/java/org/apache/bcel/verifier/statics/Pass1Verifier.java,0.8263849392533302
/home/dorma10/mutation-analysis/projects/commons-bcel/src/main/java/org/apache/bcel/verifier/statics/Pass2Verifier.java,0.6447399194875169
/home/dorma10/mutation-analysis/projects/commons-bcel/src/main/java/org/apache/bcel/verifier/statics/IntList.java,0.9192777474721273
/home/dorma10/mutation-analysis/projects/commons-bcel/src/main/java/org/apache/bcel/verifier/statics/Pass3aVerifier.java,0.6388007748000165
/home/dorma10/mutation-analysis/projects/commons-bcel/src/main/java/org/apache/bcel/verifier/statics/LONG_Upper.java,0.9737831354141235
/home/dorma10/mutation-analysis/projects/commons-bcel/src/main/java/org/apache/bcel/verifier/statics/LocalVariableInfo.java,0.9143472909927368
/home/dorma10/mutation-analysis/projects/commons-bcel/src/main/java/org/apache/bcel/verifier/statics/StringRepresentation.java,0.8361581775049368
/home/dorma10/mutation-analysis/projects/commons-bcel/src/main/java/org/apache/bcel/verifier/VerifierFactoryListModel.java,0.8228825032711029
/home/dorma10/mutation-analysis/projects/commons-bcel/src/main/java/org/apache/bcel/verifier/Verifier.java,0.7130014777183533
/home/dorma10/mutation-analysis/projects/commons-bcel/src/main/java/org/apache/bcel/util/ClassSet.java,0.8407448053359985
/home/dorma10/mutation-analysis/projects/commons-bcel/src/main/java/org/apache/bcel/util/ClassVector.java,0.9012157469987869
/home/dorma10/mutation-analysis/projects/commons-bcel/src/main/java/org/apache/bcel/util/MemorySensitiveClassPathRepository.java,0.8653854608535767
/home/dorma10/mutation-analysis/projects/commons-bcel/src/main/java/org/apache/bcel/util/BCELFactory.java,0.5966233570055154
/home/dorma10/mutation-analysis/projects/commons-bcel/src/main/java/org/apache/bcel/util/InstructionFinder.java,0.7949015635710496
/home/dorma10/mutation-analysis/projects/commons-bcel/src/main/java/org/apache/bcel/util/AbstractClassPathRepository.java,0.7985477911101447
/home/dorma10/mutation-analysis/projects/commons-bcel/src/main/java/org/apache/bcel/util/ConstantHTML.java,0.4050368322027129
/home/dorma10/mutation-analysis/projects/commons-bcel/src/main/java/org/apache/bcel/util/ByteSequence.java,0.9141616523265839
/home/dorma10/mutation-analysis/projects/commons-bcel/src/main/java/org/apache/bcel/util/JavaWrapper.java,0.7021299660205841
/home/dorma10/mutation-analysis/projects/commons-bcel/src/main/java/org/apache/bcel/util/ClassStack.java,0.9539111256599426
/home/dorma10/mutation-analysis/projects/commons-bcel/src/main/java/org/apache/bcel/util/ClassPathRepository.java,0.8925795435905457
/home/dorma10/mutation-analysis/projects/commons-bcel/src/main/java/org/apache/bcel/util/Repository.java,0.8526941537857056
/home/dorma10/mutation-analysis/projects/commons-bcel/src/main/java/org/apache/bcel/util/MethodHTML.java,0.08114160069574912
/home/dorma10/mutation-analysis/projects/commons-bcel/src/main/java/org/apache/bcel/util/LruCacheClassPathRepository.java,0.7730580866336823
/home/dorma10/mutation-analysis/projects/commons-bcel/src/main/java/org/apache/bcel/util/AttributeHTML.java,0.5338804358965717
/home/dorma10/mutation-analysis/projects/commons-bcel/src/main/java/org/apache/bcel/util/BCELComparator.java,0.9544063210487366
/home/dorma10/mutation-analysis/projects/commons-bcel/src/main/java/org/apache/bcel/util/ModularRuntimeImage.java,0.8271392914983962
/home/dorma10/mutation-analysis/projects/commons-bcel/src/main/java/org/apache/bcel/util/Class2HTML.java,0.39193550248940784
/home/dorma10/mutation-analysis/projects/commons-bcel/src/main/java/org/apache/bcel/util/CodeHTML.java,0.1244276903191519
/home/dorma10/mutation-analysis/projects/commons-bcel/src/main/java/org/apache/bcel/util/ClassPath.java,0.8290434460106649
/home/dorma10/mutation-analysis/projects/commons-bcel/src/main/java/org/apache/bcel/util/ClassLoader.java,0.8610066771507263
/home/dorma10/mutation-analysis/projects/commons-bcel/src/main/java/org/apache/bcel/util/ClassLoaderRepository.java,0.8082786500453949
/home/dorma10/mutation-analysis/projects/commons-bcel/src/main/java/org/apache/bcel/util/BCELifier.java,0.6376319830971104
/home/dorma10/mutation-analysis/projects/commons-bcel/src/main/java/org/apache/bcel/util/SyntheticRepository.java,0.7760122418403625
/home/dorma10/mutation-analysis/projects/commons-bcel/src/main/java/org/apache/bcel/util/ClassQueue.java,0.9323048889636993
/home/dorma10/mutation-analysis/projects/commons-bcel/src/main/java/org/apache/bcel/Const.java,0.9373495765030384
/home/dorma10/mutation-analysis/projects/commons-bcel/src/test/java/org/apache/bcel/generic/GeneratingAnnotatedClassesTestCase.java,0.45854137433343567
/home/dorma10/mutation-analysis/projects/commons-bcel/src/test/java/org/apache/bcel/generic/BranchHandleTestCase.java,0.6680966764688492
/home/dorma10/mutation-analysis/projects/commons-bcel/src/test/java/org/apache/bcel/generic/AnnotationGenTestCase.java,0.33726273663342
/home/dorma10/mutation-analysis/projects/commons-bcel/src/test/java/org/apache/bcel/generic/MethodGenTestCase.java,0.6378904779752096
/home/dorma10/mutation-analysis/projects/commons-bcel/src/test/java/org/apache/bcel/generic/InstructionHandleTestCase.java,0.6925651073455811
/home/dorma10/mutation-analysis/projects/commons-bcel/src/test/java/org/apache/bcel/generic/FieldAnnotationsTestCase.java,0.5631997659802437
/home/dorma10/mutation-analysis/projects/commons-bcel/src/test/java/org/apache/bcel/generic/EmptyStaticInit.java,0.9744121432304382
/home/dorma10/mutation-analysis/projects/commons-bcel/src/test/java/org/apache/bcel/generic/JdkGenericDumpTestCase.java,0.6085229799860999
/home/dorma10/mutation-analysis/projects/commons-bcel/src/test/java/org/apache/bcel/generic/TypeTestCase.java,0.49767008423805237
/home/dorma10/mutation-analysis/projects/commons-bcel/src/test/java/org/apache/bcel/PerformanceTest.java,0.4441857437292735
/home/dorma10/mutation-analysis/projects/commons-bcel/src/test/java/org/apache/bcel/ElementValueGenTestCase.java,0.6293616489722178
/home/dorma10/mutation-analysis/projects/commons-bcel/src/test/java/org/apache/bcel/classfile/JDKClassDumpTestCase.java,0.5560861428578695
/home/dorma10/mutation-analysis/projects/commons-bcel/src/test/java/org/apache/bcel/classfile/UtilityTestCase.java,0.31411442160606384
/home/dorma10/mutation-analysis/projects/commons-bcel/src/test/java/org/apache/bcel/classfile/LocalVariableTestCase.java,0.9251585006713867
/home/dorma10/mutation-analysis/projects/commons-bcel/src/test/java/org/apache/bcel/classfile/ConstantPoolTestCase.java,0.5644417703151703
/home/dorma10/mutation-analysis/projects/commons-bcel/src/test/java/org/apache/bcel/classfile/CodeExceptionTestCase.java,0.9251585006713867
/home/dorma10/mutation-analysis/projects/commons-bcel/src/test/java/org/apache/bcel/BCELBenchmark.java,0.544743945201238
/home/dorma10/mutation-analysis/projects/commons-bcel/src/test/java/org/apache/bcel/data/SimpleClassHasMethodIncludeGenericArgument.java,0.9145092070102692
/home/dorma10/mutation-analysis/projects/commons-bcel/src/test/java/org/apache/bcel/data/MarkedType.java,0.9668004512786865
/home/dorma10/mutation-analysis/projects/commons-bcel/src/test/java/org/apache/bcel/data/AttributeTestClassEM02.java,0.9579558074474335
/home/dorma10/mutation-analysis/projects/commons-bcel/src/test/java/org/apache/bcel/data/AnnotationEnumElement.java,0.9535213112831116
/home/dorma10/mutation-analysis/projects/commons-bcel/src/test/java/org/apache/bcel/data/CombinedAnnotation.java,0.9536304473876953
/home/dorma10/mutation-analysis/projects/commons-bcel/src/test/java/org/apache/bcel/data/AnnotatedWithCombinedAnnotation.java,0.5351012845834097
/home/dorma10/mutation-analysis/projects/commons-bcel/src/test/java/org/apache/bcel/data/MarkerAnnotationInvisible.java,0.9566167593002319
/home/dorma10/mutation-analysis/projects/commons-bcel/src/test/java/org/apache/bcel/data/SimpleClassWithDefaultConstructor.java,0.7466325163841248
/home/dorma10/mutation-analysis/projects/commons-bcel/src/test/java/org/apache/bcel/data/AnonymousClassTest.java,0.9788252711296082
/home/dorma10/mutation-analysis/projects/commons-bcel/src/test/java/org/apache/bcel/data/AnnotatedWithEnumClass.java,0.9454014897346497
/home/dorma10/mutation-analysis/projects/commons-bcel/src/test/java/org/apache/bcel/data/AttributeTestClassEM01.java,0.9182912409305573
/home/dorma10/mutation-analysis/projects/commons-bcel/src/test/java/org/apache/bcel/data/PLSETestClass2.java,0.9760319590568542
/home/dorma10/mutation-analysis/projects/commons-bcel/src/test/java/org/apache/bcel/data/PLSETestClass.java,0.8743192851543427
/home/dorma10/mutation-analysis/projects/commons-bcel/src/test/java/org/apache/bcel/data/SimpleAnnotatedClass.java,0.9586300849914551
/home/dorma10/mutation-analysis/projects/commons-bcel/src/test/java/org/apache/bcel/data/SimpleEnum.java,0.9233731627464294
/home/dorma10/mutation-analysis/projects/commons-bcel/src/test/java/org/apache/bcel/data/ComplexAnnotatedClass.java,0.8256563544273376
/home/dorma10/mutation-analysis/projects/commons-bcel/src/test/java/org/apache/bcel/data/AnnotatedFields.java,0.9405579566955566
/home/dorma10/mutation-analysis/projects/commons-bcel/src/test/java/org/apache/bcel/data/SimpleClass.java,0.9906026124954224
/home/dorma10/mutation-analysis/projects/commons-bcel/src/test/java/org/apache/bcel/data/PLSETestEnum.java,0.9661841988563538
/home/dorma10/mutation-analysis/projects/commons-bcel/src/test/java/org/apache/bcel/data/SimpleAnnotation.java,0.9600784778594971
/home/dorma10/mutation-analysis/projects/commons-bcel/src/test/java/org/apache/bcel/data/MarkerAnnotation.java,0.9584282040596008
/home/dorma10/mutation-analysis/projects/commons-bcel/src/test/java/org/apache/bcel/data/ComplexAnnotation.java,0.9680378437042236
/home/dorma10/mutation-analysis/projects/commons-bcel/src/test/java/org/apache/bcel/AbstractCounterVisitorTestCase.java,0.8294952511787415
/home/dorma10/mutation-analysis/projects/commons-bcel/src/test/java/org/apache/bcel/EnumAccessFlagTestCase.java,0.8400813341140747
/home/dorma10/mutation-analysis/projects/commons-bcel/src/test/java/org/apache/bcel/verifier/VerifierInvokeTestCase.java,0.8685282617807388
/home/dorma10/mutation-analysis/projects/commons-bcel/src/test/java/org/apache/bcel/verifier/tests/TestLegalInvokeVirtual02.java,0.892723798751831
/home/dorma10/mutation-analysis/projects/commons-bcel/src/test/java/org/apache/bcel/verifier/tests/TestLegalInvokeSpecial01.java,0.876751184463501
/home/dorma10/mutation-analysis/projects/commons-bcel/src/test/java/org/apache/bcel/verifier/tests/TestLegalInvokeStatic01.java,0.8905050158500671
/home/dorma10/mutation-analysis/projects/commons-bcel/src/test/java/org/apache/bcel/verifier/tests/TestReturn02.java,0.9914778145876798
/home/dorma10/mutation-analysis/projects/commons-bcel/src/test/java/org/apache/bcel/verifier/tests/TestArrayAccess03Creator.java,0.38473263196647167
/home/dorma10/mutation-analysis/projects/commons-bcel/src/test/java/org/apache/bcel/verifier/tests/TestLegalInvokeSpecial02.java,0.892723798751831
/home/dorma10/mutation-analysis/projects/commons-bcel/src/test/java/org/apache/bcel/verifier/tests/TestArrayAccess04Creator.java,0.38202731218189
/home/dorma10/mutation-analysis/projects/commons-bcel/src/test/java/org/apache/bcel/verifier/tests/TestArrayAccess01.java,0.8107720017433167
/home/dorma10/mutation-analysis/projects/commons-bcel/src/test/java/org/apache/bcel/verifier/tests/TestCreator.java,0.7696624298890432
/home/dorma10/mutation-analysis/projects/commons-bcel/src/test/java/org/apache/bcel/verifier/tests/TestArray01.java,0.9546717235020229
/home/dorma10/mutation-analysis/projects/commons-bcel/src/test/java/org/apache/bcel/verifier/tests/TestLegalInvokeVirtual01.java,0.8783684968948364
/home/dorma10/mutation-analysis/projects/commons-bcel/src/test/java/org/apache/bcel/verifier/tests/TestReturn01Creator.java,0.44251011312007904
/home/dorma10/mutation-analysis/projects/commons-bcel/src/test/java/org/apache/bcel/verifier/tests/JiraBcel291TestFixture.java,0.9659885168075562
/home/dorma10/mutation-analysis/projects/commons-bcel/src/test/java/org/apache/bcel/verifier/tests/TestLegalInvokeInterface01.java,0.9649155139923096
/home/dorma10/mutation-analysis/projects/commons-bcel/src/test/java/org/apache/bcel/verifier/tests/TestArrayAccess02Creator.java,0.3728632256388664
/home/dorma10/mutation-analysis/projects/commons-bcel/src/test/java/org/apache/bcel/verifier/tests/TestReturn03Creator.java,0.49832800030708313
/home/dorma10/mutation-analysis/projects/commons-bcel/src/test/java/org/apache/bcel/verifier/JiraBcel291TestCase.java,0.902631938457489
/home/dorma10/mutation-analysis/projects/commons-bcel/src/test/java/org/apache/bcel/verifier/VerifierArrayAccessTestCase.java,0.6982007622718811
/home/dorma10/mutation-analysis/projects/commons-bcel/src/test/java/org/apache/bcel/verifier/AbstractVerifierTestCase.java,0.7432948450247446
/home/dorma10/mutation-analysis/projects/commons-bcel/src/test/java/org/apache/bcel/verifier/structurals/UninitializedObjectTypeTestCase.java,0.9066238403320312
/home/dorma10/mutation-analysis/projects/commons-bcel/src/test/java/org/apache/bcel/verifier/statics/Pass2VerifierTestCase.java,0.9238211512565613
/home/dorma10/mutation-analysis/projects/commons-bcel/src/test/java/org/apache/bcel/verifier/VerifierTestCase.java,0.3575369417667389
/home/dorma10/mutation-analysis/projects/commons-bcel/src/test/java/org/apache/bcel/verifier/VerifierReturnTestCase.java,0.765360951423645
/home/dorma10/mutation-analysis/projects/commons-bcel/src/test/java/org/apache/bcel/CounterVisitorTestCase.java,0.7671489370496649
/home/dorma10/mutation-analysis/projects/commons-bcel/src/test/java/org/apache/bcel/AnnotationAccessFlagTestCase.java,0.8089909553527832
/home/dorma10/mutation-analysis/projects/commons-bcel/src/test/java/org/apache/bcel/PLSETestCase.java,0.6564211696386337
/home/dorma10/mutation-analysis/projects/commons-bcel/src/test/java/org/apache/bcel/AnonymousClassTestCase.java,0.7739640921354294
/home/dorma10/mutation-analysis/projects/commons-bcel/src/test/java/org/apache/bcel/util/Class2HTMLTestCase.java,0.8040699362754822
/home/dorma10/mutation-analysis/projects/commons-bcel/src/test/java/org/apache/bcel/util/LruCacheClassPathRepositoryTestCase.java,0.3960513472557068
/home/dorma10/mutation-analysis/projects/commons-bcel/src/test/java/org/apache/bcel/util/InstructionFinderTest.java,0.23488788306713104
/home/dorma10/mutation-analysis/projects/commons-bcel/src/test/java/org/apache/bcel/util/ClassPathTestCase.java,0.6688904762268066
/home/dorma10/mutation-analysis/projects/commons-bcel/src/test/java/org/apache/bcel/util/ClassPathRepositoryTestCase.java,0.6030618747075399
/home/dorma10/mutation-analysis/projects/commons-bcel/src/test/java/org/apache/bcel/util/BCELifierTestCase.java,0.6175306379795075
/home/dorma10/mutation-analysis/projects/commons-bcel/src/test/java/org/apache/bcel/util/ModularRuntimeImageTestCase.java,0.47936636706193286
/home/dorma10/mutation-analysis/projects/commons-bcel/src/test/java/org/apache/bcel/HandleTestCase.java,0.7461821834246317
/home/dorma10/mutation-analysis/projects/commons-bcel/src/test/java/org/apache/bcel/visitors/CounterVisitor.java,0.8275072741926762
/home/dorma10/mutation-analysis/projects/commons-bcel/src/test/java/org/apache/bcel/NanoTimer.java,0.9574082255363464
/home/dorma10/mutation-analysis/projects/commons-bcel/src/test/java/org/apache/bcel/LocalVariableTypeTableTestCase.java,0.5422564446926117
/home/dorma10/mutation-analysis/projects/commons-bcel/src/test/java/org/apache/bcel/EnclosingMethodAttributeTestCase.java,0.5007879535357157
/home/dorma10/mutation-analysis/projects/commons-bcel/src/test/java/org/apache/bcel/InstructionFinderTestCase.java,0.13614466786384583
/home/dorma10/mutation-analysis/projects/commons-bcel/src/test/java/org/apache/bcel/AbstractTestCase.java,0.6526799947023392
/home/dorma10/mutation-analysis/projects/commons-bcel/src/test/java/org/apache/bcel/AnnotationDefaultAttributeTestCase.java,0.6835238337516785
/home/dorma10/mutation-analysis/projects/commons-bcel/src/test/resources/Java8Example.java,0.18109799921512604
/home/dorma10/mutation-analysis/projects/commons-bcel/src/examples/listclass.java,0.6647853230436643
/home/dorma10/mutation-analysis/projects/commons-bcel/src/examples/patchclass.java,0.35226742550730705
/home/dorma10/mutation-analysis/projects/commons-bcel/src/examples/maxstack.java,0.6118656396865845
/home/dorma10/mutation-analysis/projects/commons-bcel/src/examples/ProxyCreator.java,0.48678312078118324
/home/dorma10/mutation-analysis/projects/commons-bcel/src/examples/id.java,0.4528864622116089
/home/dorma10/mutation-analysis/projects/commons-bcel/src/examples/helloify.java,0.5553641120592753
/home/dorma10/mutation-analysis/projects/commons-bcel/src/examples/Peephole.java,0.48372483253479004
/home/dorma10/mutation-analysis/projects/commons-bcel/src/examples/Package.java,0.650331623852253
/home/dorma10/mutation-analysis/projects/commons-bcel/src/examples/Mini/MiniParserTreeConstants.java,0.8636466860771179
/home/dorma10/mutation-analysis/projects/commons-bcel/src/examples/Mini/ASTTerm.java,0.9252077490091324
/home/dorma10/mutation-analysis/projects/commons-bcel/src/examples/Mini/ParseException.java,0.7790155649185181
/home/dorma10/mutation-analysis/projects/commons-bcel/src/examples/Mini/ASTFunDecl.java,0.8656760762565799
/home/dorma10/mutation-analysis/projects/commons-bcel/src/examples/Mini/SimpleNode.java,0.8604645912463849
/home/dorma10/mutation-analysis/projects/commons-bcel/src/examples/Mini/ASTIfExpr.java,0.8681078354517618
/home/dorma10/mutation-analysis/projects/commons-bcel/src/examples/Mini/Node.java,0.9258473685809544
/home/dorma10/mutation-analysis/projects/commons-bcel/src/examples/Mini/ASTFactor.java,0.9203671663999557
/home/dorma10/mutation-analysis/projects/commons-bcel/src/examples/Mini/Token.java,0.9809641540050507
/home/dorma10/mutation-analysis/projects/commons-bcel/src/examples/Mini/ASTProgram.java,0.7703074084387885
/home/dorma10/mutation-analysis/projects/commons-bcel/src/examples/Mini/TokenMgrError.java,0.771446148554484
/home/dorma10/mutation-analysis/projects/commons-bcel/src/examples/Mini/MiniC.java,0.6528153069317341
/home/dorma10/mutation-analysis/projects/commons-bcel/src/examples/Mini/MiniParserTokenManager.java,0.5349621321365703
/home/dorma10/mutation-analysis/projects/commons-bcel/src/examples/Mini/ASTFunAppl.java,0.7666655816137791
/home/dorma10/mutation-analysis/projects/commons-bcel/src/examples/Mini/ASTExpr.java,0.8914241183687139
/home/dorma10/mutation-analysis/projects/commons-bcel/src/examples/Mini/Function.java,0.888013942675157
/home/dorma10/mutation-analysis/projects/commons-bcel/src/examples/Mini/ASTInteger.java,0.9347483932971954
/home/dorma10/mutation-analysis/projects/commons-bcel/src/examples/Mini/EnvEntry.java,0.8460819125175476
/home/dorma10/mutation-analysis/projects/commons-bcel/src/examples/Mini/ASCII_CharStream.java,0.7306867973370985
/home/dorma10/mutation-analysis/projects/commons-bcel/src/examples/Mini/Variable.java,0.8807718694210053
/home/dorma10/mutation-analysis/projects/commons-bcel/src/examples/Mini/Environment.java,0.8125803578983654
/home/dorma10/mutation-analysis/projects/commons-bcel/src/examples/Mini/MiniParser.java,0.5985660558176595
/home/dorma10/mutation-analysis/projects/commons-bcel/src/examples/Mini/MiniParserConstants.java,0.79936283826828
/home/dorma10/mutation-analysis/projects/commons-bcel/src/examples/Mini/ASTLetExpr.java,0.7745474345154233
/home/dorma10/mutation-analysis/projects/commons-bcel/src/examples/Mini/ASTIdent.java,0.8780727115544406
/home/dorma10/mutation-analysis/projects/commons-bcel/src/examples/Mini/JJTMiniParserState.java,0.8073811183373133
/home/dorma10/mutation-analysis/projects/commons-bcel/src/examples/TransitiveHull.java,0.7697137636797768
/home/dorma10/mutation-analysis/projects/commons-bcel/src/examples/ClassDumper.java,0.7739536120341375
/home/dorma10/mutation-analysis/projects/commons-bcel/src/examples/HelloWorldBuilder.java,0.022508107125759125
/home/dorma10/mutation-analysis/projects/commons-bcel/src/examples/JasminVisitor.java,0.6662223810729172
/home/dorma10/mutation-analysis/projects/commons-bcel/target/test-classes/Java8Example.java,0.18109799921512604
/home/dorma10/mutation-analysis/projects/commons-bcel/target/Java8ExampleCreator.java,0.33037289276253434
