/home/dorma10/mutation-analysis/projects/jackson-core/src/main/java/com/fasterxml/jackson/core/TreeCodec.java,0.7620898506471089
/home/dorma10/mutation-analysis/projects/jackson-core/src/main/java/com/fasterxml/jackson/core/filter/TokenFilterContext.java,0.6940761369963487
/home/dorma10/mutation-analysis/projects/jackson-core/src/main/java/com/fasterxml/jackson/core/filter/FilteringGeneratorDelegate.java,0.5907731375728662
/home/dorma10/mutation-analysis/projects/jackson-core/src/main/java/com/fasterxml/jackson/core/filter/TokenFilter.java,0.9738995879888535
/home/dorma10/mutation-analysis/projects/jackson-core/src/main/java/com/fasterxml/jackson/core/filter/FilteringParserDelegate.java,0.6697513167746365
/home/dorma10/mutation-analysis/projects/jackson-core/src/main/java/com/fasterxml/jackson/core/filter/JsonPointerBasedFilter.java,0.8060287311673164
/home/dorma10/mutation-analysis/projects/jackson-core/src/main/java/com/fasterxml/jackson/core/io/OutputDecorator.java,0.9270867109298706
/home/dorma10/mutation-analysis/projects/jackson-core/src/main/java/com/fasterxml/jackson/core/io/JsonEOFException.java,0.849919468164444
/home/dorma10/mutation-analysis/projects/jackson-core/src/main/java/com/fasterxml/jackson/core/io/CharacterEscapes.java,0.9625327785809835
/home/dorma10/mutation-analysis/projects/jackson-core/src/main/java/com/fasterxml/jackson/core/io/SerializedString.java,0.6943086043000222
/home/dorma10/mutation-analysis/projects/jackson-core/src/main/java/com/fasterxml/jackson/core/io/DataOutputAsStream.java,0.876520961523056
/home/dorma10/mutation-analysis/projects/jackson-core/src/main/java/com/fasterxml/jackson/core/io/UTF32Reader.java,0.6429974660277367
/home/dorma10/mutation-analysis/projects/jackson-core/src/main/java/com/fasterxml/jackson/core/io/UTF8Writer.java,0.6631913930177689
/home/dorma10/mutation-analysis/projects/jackson-core/src/main/java/com/fasterxml/jackson/core/io/SegmentedStringWriter.java,0.8064921995004019
/home/dorma10/mutation-analysis/projects/jackson-core/src/main/java/com/fasterxml/jackson/core/io/MergedStream.java,0.8131595958362926
/home/dorma10/mutation-analysis/projects/jackson-core/src/main/java/com/fasterxml/jackson/core/io/JsonStringEncoder.java,0.5127765089273453
/home/dorma10/mutation-analysis/projects/jackson-core/src/main/java/com/fasterxml/jackson/core/io/CharTypes.java,0.8120913757727697
/home/dorma10/mutation-analysis/projects/jackson-core/src/main/java/com/fasterxml/jackson/core/io/NumberInput.java,0.8078337971653257
/home/dorma10/mutation-analysis/projects/jackson-core/src/main/java/com/fasterxml/jackson/core/io/InputDecorator.java,0.9408325701951981
/home/dorma10/mutation-analysis/projects/jackson-core/src/main/java/com/fasterxml/jackson/core/io/NumberOutput.java,0.6892743222415447
/home/dorma10/mutation-analysis/projects/jackson-core/src/main/java/com/fasterxml/jackson/core/io/IOContext.java,0.6815929743978713
/home/dorma10/mutation-analysis/projects/jackson-core/src/main/java/com/fasterxml/jackson/core/JsonParseException.java,0.8578731815020243
/home/dorma10/mutation-analysis/projects/jackson-core/src/main/java/com/fasterxml/jackson/core/StreamReadFeature.java,0.8369731903076172
/home/dorma10/mutation-analysis/projects/jackson-core/src/main/java/com/fasterxml/jackson/core/StreamWriteFeature.java,0.7967895865440369
/home/dorma10/mutation-analysis/projects/jackson-core/src/main/java/com/fasterxml/jackson/core/JsonGenerationException.java,0.8030627742409706
/home/dorma10/mutation-analysis/projects/jackson-core/src/main/java/com/fasterxml/jackson/core/JsonTokenId.java,0.8943350315093994
/home/dorma10/mutation-analysis/projects/jackson-core/src/main/java/com/fasterxml/jackson/core/package-info.java,0.7049358487129211
/home/dorma10/mutation-analysis/projects/jackson-core/src/main/java/com/fasterxml/jackson/core/ObjectCodec.java,0.790896987213808
/home/dorma10/mutation-analysis/projects/jackson-core/src/main/java/com/fasterxml/jackson/core/TreeNode.java,0.9262382458238041
/home/dorma10/mutation-analysis/projects/jackson-core/src/main/java/com/fasterxml/jackson/core/FormatFeature.java,0.9877487421035767
/home/dorma10/mutation-analysis/projects/jackson-core/src/main/java/com/fasterxml/jackson/core/json/package-info.java,0.8944963812828064
/home/dorma10/mutation-analysis/projects/jackson-core/src/main/java/com/fasterxml/jackson/core/json/WriterBasedJsonGenerator.java,0.5569718430687984
/home/dorma10/mutation-analysis/projects/jackson-core/src/main/java/com/fasterxml/jackson/core/json/async/NonBlockingJsonParserBase.java,0.6979038529964381
/home/dorma10/mutation-analysis/projects/jackson-core/src/main/java/com/fasterxml/jackson/core/json/async/package-info.java,0.797944962978363
/home/dorma10/mutation-analysis/projects/jackson-core/src/main/java/com/fasterxml/jackson/core/json/async/NonBlockingJsonParser.java,0.47148538909074084
/home/dorma10/mutation-analysis/projects/jackson-core/src/main/java/com/fasterxml/jackson/core/json/JsonReadContext.java,0.7250841077831056
/home/dorma10/mutation-analysis/projects/jackson-core/src/main/java/com/fasterxml/jackson/core/json/JsonWriteFeature.java,0.9358440041542053
/home/dorma10/mutation-analysis/projects/jackson-core/src/main/java/com/fasterxml/jackson/core/json/ReaderBasedJsonParser.java,0.575439468762021
/home/dorma10/mutation-analysis/projects/jackson-core/src/main/java/com/fasterxml/jackson/core/json/JsonGeneratorImpl.java,0.7399750178058943
/home/dorma10/mutation-analysis/projects/jackson-core/src/main/java/com/fasterxml/jackson/core/json/UTF8DataInputJsonParser.java,0.6321867114767946
/home/dorma10/mutation-analysis/projects/jackson-core/src/main/java/com/fasterxml/jackson/core/json/JsonWriteContext.java,0.7116269866625468
/home/dorma10/mutation-analysis/projects/jackson-core/src/main/java/com/fasterxml/jackson/core/json/ByteSourceJsonBootstrapper.java,0.610079072912534
/home/dorma10/mutation-analysis/projects/jackson-core/src/main/java/com/fasterxml/jackson/core/json/UTF8StreamJsonParser.java,0.5547880170815581
/home/dorma10/mutation-analysis/projects/jackson-core/src/main/java/com/fasterxml/jackson/core/json/UTF8JsonGenerator.java,0.5061725634667609
/home/dorma10/mutation-analysis/projects/jackson-core/src/main/java/com/fasterxml/jackson/core/json/DupDetector.java,0.8576373383402824
/home/dorma10/mutation-analysis/projects/jackson-core/src/main/java/com/fasterxml/jackson/core/json/JsonReadFeature.java,0.8536074161529541
/home/dorma10/mutation-analysis/projects/jackson-core/src/main/java/com/fasterxml/jackson/core/JsonToken.java,0.8267403841018677
/home/dorma10/mutation-analysis/projects/jackson-core/src/main/java/com/fasterxml/jackson/core/exc/package-info.java,0.8861307501792908
/home/dorma10/mutation-analysis/projects/jackson-core/src/main/java/com/fasterxml/jackson/core/exc/StreamReadException.java,0.7889031171798706
/home/dorma10/mutation-analysis/projects/jackson-core/src/main/java/com/fasterxml/jackson/core/exc/InputCoercionException.java,0.8860846042633057
/home/dorma10/mutation-analysis/projects/jackson-core/src/main/java/com/fasterxml/jackson/core/async/NonBlockingInputFeeder.java,0.9890432059764862
/home/dorma10/mutation-analysis/projects/jackson-core/src/main/java/com/fasterxml/jackson/core/async/package-info.java,0.8661482930183411
/home/dorma10/mutation-analysis/projects/jackson-core/src/main/java/com/fasterxml/jackson/core/async/ByteBufferFeeder.java,0.9557599425315857
/home/dorma10/mutation-analysis/projects/jackson-core/src/main/java/com/fasterxml/jackson/core/async/ByteArrayFeeder.java,0.9570007920265198
/home/dorma10/mutation-analysis/projects/jackson-core/src/main/java/com/fasterxml/jackson/core/JsonParser.java,0.9158880298228368
/home/dorma10/mutation-analysis/projects/jackson-core/src/main/java/com/fasterxml/jackson/core/Versioned.java,0.9523941278457642
/home/dorma10/mutation-analysis/projects/jackson-core/src/main/java/com/fasterxml/jackson/core/JsonStreamContext.java,0.9448920204525902
/home/dorma10/mutation-analysis/projects/jackson-core/src/main/java/com/fasterxml/jackson/core/Base64Variants.java,0.8736039996147156
/home/dorma10/mutation-analysis/projects/jackson-core/src/main/java/com/fasterxml/jackson/core/JsonPointer.java,0.756048999486431
/home/dorma10/mutation-analysis/projects/jackson-core/src/main/java/com/fasterxml/jackson/core/Base64Variant.java,0.7008306329900568
/home/dorma10/mutation-analysis/projects/jackson-core/src/main/java/com/fasterxml/jackson/core/JsonpCharacterEscapes.java,0.8815887967745463
/home/dorma10/mutation-analysis/projects/jackson-core/src/main/java/com/fasterxml/jackson/core/JsonLocation.java,0.7830906567665247
/home/dorma10/mutation-analysis/projects/jackson-core/src/main/java/com/fasterxml/jackson/core/JsonFactoryBuilder.java,0.725399372252551
/home/dorma10/mutation-analysis/projects/jackson-core/src/main/java/com/fasterxml/jackson/core/JsonEncoding.java,0.9708203673362732
/home/dorma10/mutation-analysis/projects/jackson-core/src/main/java/com/fasterxml/jackson/core/Version.java,0.7297263853251934
/home/dorma10/mutation-analysis/projects/jackson-core/src/main/java/com/fasterxml/jackson/core/JsonFactory.java,0.8555779975652694
/home/dorma10/mutation-analysis/projects/jackson-core/src/main/java/com/fasterxml/jackson/core/base/package-info.java,0.8644765615463257
/home/dorma10/mutation-analysis/projects/jackson-core/src/main/java/com/fasterxml/jackson/core/base/GeneratorBase.java,0.7207151660147835
/home/dorma10/mutation-analysis/projects/jackson-core/src/main/java/com/fasterxml/jackson/core/base/ParserMinimalBase.java,0.7323946204375137
/home/dorma10/mutation-analysis/projects/jackson-core/src/main/java/com/fasterxml/jackson/core/base/ParserBase.java,0.6666084670103514
/home/dorma10/mutation-analysis/projects/jackson-core/src/main/java/com/fasterxml/jackson/core/format/package-info.java,0.8827877640724182
/home/dorma10/mutation-analysis/projects/jackson-core/src/main/java/com/fasterxml/jackson/core/format/DataFormatDetector.java,0.7086339890956879
/home/dorma10/mutation-analysis/projects/jackson-core/src/main/java/com/fasterxml/jackson/core/format/MatchStrength.java,0.9691165685653687
/home/dorma10/mutation-analysis/projects/jackson-core/src/main/java/com/fasterxml/jackson/core/format/InputAccessor.java,0.8504071593284607
/home/dorma10/mutation-analysis/projects/jackson-core/src/main/java/com/fasterxml/jackson/core/format/DataFormatMatcher.java,0.8101110543523516
/home/dorma10/mutation-analysis/projects/jackson-core/src/main/java/com/fasterxml/jackson/core/util/Separators.java,0.8177479108174642
/home/dorma10/mutation-analysis/projects/jackson-core/src/main/java/com/fasterxml/jackson/core/util/VersionUtil.java,0.8001100487179227
/home/dorma10/mutation-analysis/projects/jackson-core/src/main/java/com/fasterxml/jackson/core/util/JsonParserSequence.java,0.7426612891934135
/home/dorma10/mutation-analysis/projects/jackson-core/src/main/java/com/fasterxml/jackson/core/util/package-info.java,0.8450233936309814
/home/dorma10/mutation-analysis/projects/jackson-core/src/main/java/com/fasterxml/jackson/core/util/DefaultIndenter.java,0.8830160200595856
/home/dorma10/mutation-analysis/projects/jackson-core/src/main/java/com/fasterxml/jackson/core/util/MinimalPrettyPrinter.java,0.8097206354141235
/home/dorma10/mutation-analysis/projects/jackson-core/src/main/java/com/fasterxml/jackson/core/util/TextBuffer.java,0.7317802070117578
/home/dorma10/mutation-analysis/projects/jackson-core/src/main/java/com/fasterxml/jackson/core/util/ThreadLocalBufferManager.java,0.7364724725484848
/home/dorma10/mutation-analysis/projects/jackson-core/src/main/java/com/fasterxml/jackson/core/util/DefaultPrettyPrinter.java,0.7524857576936483
/home/dorma10/mutation-analysis/projects/jackson-core/src/main/java/com/fasterxml/jackson/core/util/ByteArrayBuilder.java,0.7470890696232135
/home/dorma10/mutation-analysis/projects/jackson-core/src/main/java/com/fasterxml/jackson/core/util/JsonParserDelegate.java,0.6686486569968494
/home/dorma10/mutation-analysis/projects/jackson-core/src/main/java/com/fasterxml/jackson/core/util/JsonGeneratorDelegate.java,0.6775386437773705
/home/dorma10/mutation-analysis/projects/jackson-core/src/main/java/com/fasterxml/jackson/core/util/BufferRecyclers.java,0.7821869850158691
/home/dorma10/mutation-analysis/projects/jackson-core/src/main/java/com/fasterxml/jackson/core/util/RequestPayload.java,0.7440266162157059
/home/dorma10/mutation-analysis/projects/jackson-core/src/main/java/com/fasterxml/jackson/core/util/InternCache.java,0.8053921461105347
/home/dorma10/mutation-analysis/projects/jackson-core/src/main/java/com/fasterxml/jackson/core/util/BufferRecycler.java,0.8822838763395945
/home/dorma10/mutation-analysis/projects/jackson-core/src/main/java/com/fasterxml/jackson/core/util/Instantiatable.java,0.9431194067001343
/home/dorma10/mutation-analysis/projects/jackson-core/src/main/java/com/fasterxml/jackson/core/TSFBuilder.java,0.7546123161911964
/home/dorma10/mutation-analysis/projects/jackson-core/src/main/java/com/fasterxml/jackson/core/FormatSchema.java,0.9463524222373962
/home/dorma10/mutation-analysis/projects/jackson-core/src/main/java/com/fasterxml/jackson/core/JsonGenerator.java,0.9100232576727867
/home/dorma10/mutation-analysis/projects/jackson-core/src/main/java/com/fasterxml/jackson/core/sym/CharsToNameCanonicalizer.java,0.8035110279917717
/home/dorma10/mutation-analysis/projects/jackson-core/src/main/java/com/fasterxml/jackson/core/sym/package-info.java,0.8863580822944641
/home/dorma10/mutation-analysis/projects/jackson-core/src/main/java/com/fasterxml/jackson/core/sym/NameN.java,0.881953375680106
/home/dorma10/mutation-analysis/projects/jackson-core/src/main/java/com/fasterxml/jackson/core/sym/Name.java,0.9447929594251845
/home/dorma10/mutation-analysis/projects/jackson-core/src/main/java/com/fasterxml/jackson/core/sym/Name3.java,0.7611056447029114
/home/dorma10/mutation-analysis/projects/jackson-core/src/main/java/com/fasterxml/jackson/core/sym/Name2.java,0.5364885032176971
/home/dorma10/mutation-analysis/projects/jackson-core/src/main/java/com/fasterxml/jackson/core/sym/Name1.java,0.5742862398425738
/home/dorma10/mutation-analysis/projects/jackson-core/src/main/java/com/fasterxml/jackson/core/sym/ByteQuadsCanonicalizer.java,0.6213163825854355
/home/dorma10/mutation-analysis/projects/jackson-core/src/main/java/com/fasterxml/jackson/core/SerializableString.java,0.9261169892091018
/home/dorma10/mutation-analysis/projects/jackson-core/src/main/java/com/fasterxml/jackson/core/PrettyPrinter.java,0.9176856279373169
/home/dorma10/mutation-analysis/projects/jackson-core/src/main/java/com/fasterxml/jackson/core/TokenStreamFactory.java,0.8338221833109856
/home/dorma10/mutation-analysis/projects/jackson-core/src/main/java/com/fasterxml/jackson/core/JsonProcessingException.java,0.7961785991986593
/home/dorma10/mutation-analysis/projects/jackson-core/src/main/java/com/fasterxml/jackson/core/type/package-info.java,0.8718947768211365
/home/dorma10/mutation-analysis/projects/jackson-core/src/main/java/com/fasterxml/jackson/core/type/ResolvedType.java,0.9692800796550253
/home/dorma10/mutation-analysis/projects/jackson-core/src/main/java/com/fasterxml/jackson/core/type/TypeReference.java,0.8015040159225464
/home/dorma10/mutation-analysis/projects/jackson-core/src/main/java/com/fasterxml/jackson/core/type/WritableTypeId.java,0.8156279444694519
/home/dorma10/mutation-analysis/projects/jackson-core/src/test/java/com/fasterxml/jackson/core/filter/GeneratorFiltering609Test.java,0.7246154189109802
/home/dorma10/mutation-analysis/projects/jackson-core/src/test/java/com/fasterxml/jackson/core/filter/JsonPointerGeneratorFilteringTest.java,0.6695326268672943
/home/dorma10/mutation-analysis/projects/jackson-core/src/test/java/com/fasterxml/jackson/core/filter/JsonPointerParserFilteringTest.java,0.5762366890907288
/home/dorma10/mutation-analysis/projects/jackson-core/src/test/java/com/fasterxml/jackson/core/filter/BasicParserFilteringTest.java,0.6609354853630066
/home/dorma10/mutation-analysis/projects/jackson-core/src/test/java/com/fasterxml/jackson/core/filter/BasicGeneratorFilteringTest.java,0.683975915823664
/home/dorma10/mutation-analysis/projects/jackson-core/src/test/java/com/fasterxml/jackson/core/io/SegmentedStringWriterTest.java,0.8065748810768127
/home/dorma10/mutation-analysis/projects/jackson-core/src/test/java/com/fasterxml/jackson/core/io/TestJsonStringEncoder.java,0.671816908650928
/home/dorma10/mutation-analysis/projects/jackson-core/src/test/java/com/fasterxml/jackson/core/io/TestIOContext.java,0.749153196811676
/home/dorma10/mutation-analysis/projects/jackson-core/src/test/java/com/fasterxml/jackson/core/io/UTF8WriterTest.java,0.5630660235881806
/home/dorma10/mutation-analysis/projects/jackson-core/src/test/java/com/fasterxml/jackson/core/io/TestCharTypes.java,0.8545857667922974
/home/dorma10/mutation-analysis/projects/jackson-core/src/test/java/com/fasterxml/jackson/core/io/TestMergedStream.java,0.22314950823783875
/home/dorma10/mutation-analysis/projects/jackson-core/src/test/java/com/fasterxml/jackson/core/TestVersions.java,0.6545604094862938
/home/dorma10/mutation-analysis/projects/jackson-core/src/test/java/com/fasterxml/jackson/core/PointerFromContextTest.java,0.05259988390025683
/home/dorma10/mutation-analysis/projects/jackson-core/src/test/java/com/fasterxml/jackson/core/TestLocation.java,0.4817570000886917
/home/dorma10/mutation-analysis/projects/jackson-core/src/test/java/com/fasterxml/jackson/core/write/WriteTypeIdTest.java,0.4707535405953725
/home/dorma10/mutation-analysis/projects/jackson-core/src/test/java/com/fasterxml/jackson/core/write/ArrayGenerationTest.java,0.4523211158812046
/home/dorma10/mutation-analysis/projects/jackson-core/src/test/java/com/fasterxml/jackson/core/write/GeneratorBasicTest.java,0.5084198971589406
/home/dorma10/mutation-analysis/projects/jackson-core/src/test/java/com/fasterxml/jackson/core/write/GeneratorCloseTest.java,0.4835309199988842
/home/dorma10/mutation-analysis/projects/jackson-core/src/test/java/com/fasterxml/jackson/core/write/UTF8GeneratorTest.java,0.4942781627178192
/home/dorma10/mutation-analysis/projects/jackson-core/src/test/java/com/fasterxml/jackson/core/write/GeneratorDupHandlingTest.java,0.6764066815376282
/home/dorma10/mutation-analysis/projects/jackson-core/src/test/java/com/fasterxml/jackson/core/write/GeneratorCopyTest.java,0.784462591012319
/home/dorma10/mutation-analysis/projects/jackson-core/src/test/java/com/fasterxml/jackson/core/write/RawStringWriteTest.java,0.5260667602221171
/home/dorma10/mutation-analysis/projects/jackson-core/src/test/java/com/fasterxml/jackson/core/write/PrettyPrinterTest.java,0.5747152576843898
/home/dorma10/mutation-analysis/projects/jackson-core/src/test/java/com/fasterxml/jackson/core/write/SerializedStringWriteTest.java,0.46898592369897024
/home/dorma10/mutation-analysis/projects/jackson-core/src/test/java/com/fasterxml/jackson/core/write/ObjectWriteTest.java,0.49279253631830217
/home/dorma10/mutation-analysis/projects/jackson-core/src/test/java/com/fasterxml/jackson/core/write/GeneratorMiscTest.java,0.42633211373218466
/home/dorma10/mutation-analysis/projects/jackson-core/src/test/java/com/fasterxml/jackson/core/write/ArrayWriteTest.java,0.5173468440771103
/home/dorma10/mutation-analysis/projects/jackson-core/src/test/java/com/fasterxml/jackson/core/TestExceptions.java,0.6602363437414169
/home/dorma10/mutation-analysis/projects/jackson-core/src/test/java/com/fasterxml/jackson/core/json/TestMaxErrorSize.java,0.6991036057472229
/home/dorma10/mutation-analysis/projects/jackson-core/src/test/java/com/fasterxml/jackson/core/json/StringGenerationFromReaderTest.java,0.5160133165952104
/home/dorma10/mutation-analysis/projects/jackson-core/src/test/java/com/fasterxml/jackson/core/json/JsonReadContextTest.java,0.5562699337800344
/home/dorma10/mutation-analysis/projects/jackson-core/src/test/java/com/fasterxml/jackson/core/json/TestWithTonsaSymbols.java,0.7376715987920761
/home/dorma10/mutation-analysis/projects/jackson-core/src/test/java/com/fasterxml/jackson/core/json/GeneratorFailFromReaderTest.java,0.479536377957889
/home/dorma10/mutation-analysis/projects/jackson-core/src/test/java/com/fasterxml/jackson/core/json/StringGenerationTest.java,0.49447096372023225
/home/dorma10/mutation-analysis/projects/jackson-core/src/test/java/com/fasterxml/jackson/core/json/GeneratorFailTest.java,0.5291787960699627
/home/dorma10/mutation-analysis/projects/jackson-core/src/test/java/com/fasterxml/jackson/core/json/async/AsyncInvalidCharsTest.java,0.5810303588708242
/home/dorma10/mutation-analysis/projects/jackson-core/src/test/java/com/fasterxml/jackson/core/json/async/AsyncNonStdParsingTest.java,0.4630026907046461
/home/dorma10/mutation-analysis/projects/jackson-core/src/test/java/com/fasterxml/jackson/core/json/async/AsyncMissingValuesInArrayTest.java,0.5556045174598694
/home/dorma10/mutation-analysis/projects/jackson-core/src/test/java/com/fasterxml/jackson/core/json/async/AsyncCharEscapingTest.java,0.5994699716567993
/home/dorma10/mutation-analysis/projects/jackson-core/src/test/java/com/fasterxml/jackson/core/json/async/AsyncScalarArrayTest.java,0.48622063653809683
/home/dorma10/mutation-analysis/projects/jackson-core/src/test/java/com/fasterxml/jackson/core/json/async/AsyncTokenFilterTest.java,0.5164009928703308
/home/dorma10/mutation-analysis/projects/jackson-core/src/test/java/com/fasterxml/jackson/core/json/async/AsyncStringArrayTest.java,0.6722161918878555
/home/dorma10/mutation-analysis/projects/jackson-core/src/test/java/com/fasterxml/jackson/core/json/async/AsyncStringObjectTest.java,0.6207049489021301
/home/dorma10/mutation-analysis/projects/jackson-core/src/test/java/com/fasterxml/jackson/core/json/async/AsyncPointerFromContext563Test.java,0.371976722672116
/home/dorma10/mutation-analysis/projects/jackson-core/src/test/java/com/fasterxml/jackson/core/json/async/AsyncScopeMatchingTest.java,0.5963708609342575
/home/dorma10/mutation-analysis/projects/jackson-core/src/test/java/com/fasterxml/jackson/core/json/async/AsyncFieldNamesTest.java,0.5671090483665466
/home/dorma10/mutation-analysis/projects/jackson-core/src/test/java/com/fasterxml/jackson/core/json/async/AsyncMissingValuesInObjectTest.java,0.5393132954835892
/home/dorma10/mutation-analysis/projects/jackson-core/src/test/java/com/fasterxml/jackson/core/json/async/AsyncLocationTest.java,0.07247038930654526
/home/dorma10/mutation-analysis/projects/jackson-core/src/test/java/com/fasterxml/jackson/core/json/async/AsyncNonStdNumberHandlingTest.java,0.5943370891941918
/home/dorma10/mutation-analysis/projects/jackson-core/src/test/java/com/fasterxml/jackson/core/json/async/AsyncCommentParsingTest.java,0.5548320215727601
/home/dorma10/mutation-analysis/projects/jackson-core/src/test/java/com/fasterxml/jackson/core/json/async/AsyncUnicodeHandlingTest.java,0.6724354227383932
/home/dorma10/mutation-analysis/projects/jackson-core/src/test/java/com/fasterxml/jackson/core/json/async/AsyncRootNumbersTest.java,0.593843766621181
/home/dorma10/mutation-analysis/projects/jackson-core/src/test/java/com/fasterxml/jackson/core/json/async/AsyncNumberCoercionTest.java,0.5649071792140603
/home/dorma10/mutation-analysis/projects/jackson-core/src/test/java/com/fasterxml/jackson/core/json/async/AsyncConcurrencyTest.java,0.6247432827949524
/home/dorma10/mutation-analysis/projects/jackson-core/src/test/java/com/fasterxml/jackson/core/json/async/AsyncParserNamesTest.java,0.5052164629101753
/home/dorma10/mutation-analysis/projects/jackson-core/src/test/java/com/fasterxml/jackson/core/json/async/AsyncBinaryParseTest.java,0.5755984514951706
/home/dorma10/mutation-analysis/projects/jackson-core/src/test/java/com/fasterxml/jackson/core/json/async/AsyncSimpleNestedTest.java,0.4585674613714218
/home/dorma10/mutation-analysis/projects/jackson-core/src/test/java/com/fasterxml/jackson/core/json/async/AsyncRootValuesTest.java,0.5430519921439034
/home/dorma10/mutation-analysis/projects/jackson-core/src/test/java/com/fasterxml/jackson/core/json/async/AsyncNaNHandlingTest.java,0.6812305980258517
/home/dorma10/mutation-analysis/projects/jackson-core/src/test/java/com/fasterxml/jackson/core/json/async/ConfigTest.java,0.596914991736412
/home/dorma10/mutation-analysis/projects/jackson-core/src/test/java/com/fasterxml/jackson/core/json/async/AsyncSimpleObjectTest.java,0.4719054326415062
/home/dorma10/mutation-analysis/projects/jackson-core/src/test/java/com/fasterxml/jackson/core/json/JsonParserClosedCaseTest.java,0.6478393120425088
/home/dorma10/mutation-analysis/projects/jackson-core/src/test/java/com/fasterxml/jackson/core/json/TestParserOverrides.java,0.5786463730037212
/home/dorma10/mutation-analysis/projects/jackson-core/src/test/java/com/fasterxml/jackson/core/json/TestCharEscaping.java,0.7521102443337441
/home/dorma10/mutation-analysis/projects/jackson-core/src/test/java/com/fasterxml/jackson/core/json/TestCustomEscaping.java,0.6527322567999363
/home/dorma10/mutation-analysis/projects/jackson-core/src/test/java/com/fasterxml/jackson/core/json/TestRootValues.java,0.7873448854998538
/home/dorma10/mutation-analysis/projects/jackson-core/src/test/java/com/fasterxml/jackson/core/json/RawValueWithSurrogatesTest.java,0.720434824625651
/home/dorma10/mutation-analysis/projects/jackson-core/src/test/java/com/fasterxml/jackson/core/json/JsonFactoryTest.java,0.694415174126625
/home/dorma10/mutation-analysis/projects/jackson-core/src/test/java/com/fasterxml/jackson/core/json/CustomQuoteCharTest.java,0.7765772257532392
/home/dorma10/mutation-analysis/projects/jackson-core/src/test/java/com/fasterxml/jackson/core/json/RequestPayloadOnExceptionTest.java,0.5564262432356676
/home/dorma10/mutation-analysis/projects/jackson-core/src/test/java/com/fasterxml/jackson/core/json/GeneratorFeaturesTest.java,0.5696824522955077
/home/dorma10/mutation-analysis/projects/jackson-core/src/test/java/com/fasterxml/jackson/core/json/TestDecorators.java,0.7461958825588226
/home/dorma10/mutation-analysis/projects/jackson-core/src/test/java/com/fasterxml/jackson/core/json/TestUnicode.java,0.6695859432220459
/home/dorma10/mutation-analysis/projects/jackson-core/src/test/java/com/fasterxml/jackson/core/base64/Base64GenerationTest.java,0.6768026997645696
/home/dorma10/mutation-analysis/projects/jackson-core/src/test/java/com/fasterxml/jackson/core/base64/Base64BinaryParsingTest.java,0.6518414261795226
/home/dorma10/mutation-analysis/projects/jackson-core/src/test/java/com/fasterxml/jackson/core/base64/Base64CodecTest.java,0.6133475390573343
/home/dorma10/mutation-analysis/projects/jackson-core/src/test/java/com/fasterxml/jackson/core/async/AsyncTestBase.java,0.8067164123058319
/home/dorma10/mutation-analysis/projects/jackson-core/src/test/java/com/fasterxml/jackson/core/TestJsonPointer.java,0.7569700181484222
/home/dorma10/mutation-analysis/projects/jackson-core/src/test/java/com/fasterxml/jackson/core/BaseTest.java,0.7384660819338428
/home/dorma10/mutation-analysis/projects/jackson-core/src/test/java/com/fasterxml/jackson/core/JsonpCharacterEscapesTest.java,0.6321254372596741
/home/dorma10/mutation-analysis/projects/jackson-core/src/test/java/com/fasterxml/jackson/core/format/DataFormatMatcherTest.java,0.6094743609428406
/home/dorma10/mutation-analysis/projects/jackson-core/src/test/java/com/fasterxml/jackson/core/format/TestJsonFormatDetection.java,0.4294071853160858
/home/dorma10/mutation-analysis/projects/jackson-core/src/test/java/com/fasterxml/jackson/core/util/TestDelegates.java,0.7771107036442984
/home/dorma10/mutation-analysis/projects/jackson-core/src/test/java/com/fasterxml/jackson/core/util/VersionUtilTest.java,0.6602427437901497
/home/dorma10/mutation-analysis/projects/jackson-core/src/test/java/com/fasterxml/jackson/core/util/TestNumberPrinting.java,0.5435923139254252
/home/dorma10/mutation-analysis/projects/jackson-core/src/test/java/com/fasterxml/jackson/core/util/TestVersionUtil.java,0.6937031149864197
/home/dorma10/mutation-analysis/projects/jackson-core/src/test/java/com/fasterxml/jackson/core/util/RequestPayloadTest.java,0.6521310806274414
/home/dorma10/mutation-analysis/projects/jackson-core/src/test/java/com/fasterxml/jackson/core/util/TestSerializedString.java,0.5164171606302261
/home/dorma10/mutation-analysis/projects/jackson-core/src/test/java/com/fasterxml/jackson/core/util/SeparatorsTest.java,0.7289271354675293
/home/dorma10/mutation-analysis/projects/jackson-core/src/test/java/com/fasterxml/jackson/core/util/ByteArrayBuilderTest.java,0.5921187400817871
/home/dorma10/mutation-analysis/projects/jackson-core/src/test/java/com/fasterxml/jackson/core/util/TestCharTypes.java,0.7850799560546875
/home/dorma10/mutation-analysis/projects/jackson-core/src/test/java/com/fasterxml/jackson/core/util/DefaultIndenterTest.java,0.5765373706817627
/home/dorma10/mutation-analysis/projects/jackson-core/src/test/java/com/fasterxml/jackson/core/util/TestDefaultPrettyPrinter.java,0.7422234316666921
/home/dorma10/mutation-analysis/projects/jackson-core/src/test/java/com/fasterxml/jackson/core/util/TestTextBuffer.java,0.6264952011406422
/home/dorma10/mutation-analysis/projects/jackson-core/src/test/java/com/fasterxml/jackson/core/testsupport/ByteOutputStreamForTesting.java,0.8412501215934753
/home/dorma10/mutation-analysis/projects/jackson-core/src/test/java/com/fasterxml/jackson/core/testsupport/ThrottledInputStream.java,0.8413217961788177
/home/dorma10/mutation-analysis/projects/jackson-core/src/test/java/com/fasterxml/jackson/core/testsupport/AsyncReaderWrapper.java,0.7274909988045692
/home/dorma10/mutation-analysis/projects/jackson-core/src/test/java/com/fasterxml/jackson/core/testsupport/StringWriterForTesting.java,0.8536320328712463
/home/dorma10/mutation-analysis/projects/jackson-core/src/test/java/com/fasterxml/jackson/core/testsupport/AsyncReaderWrapperForByteArray.java,0.6966047286987305
/home/dorma10/mutation-analysis/projects/jackson-core/src/test/java/com/fasterxml/jackson/core/testsupport/MockDataInput.java,0.864337338341607
/home/dorma10/mutation-analysis/projects/jackson-core/src/test/java/com/fasterxml/jackson/core/sym/SymbolTableMergingTest.java,0.6460281974739499
/home/dorma10/mutation-analysis/projects/jackson-core/src/test/java/com/fasterxml/jackson/core/sym/TestHashCollisionChars.java,0.5951432983080546
/home/dorma10/mutation-analysis/projects/jackson-core/src/test/java/com/fasterxml/jackson/core/sym/TestSymbolTables.java,0.5418812457252952
/home/dorma10/mutation-analysis/projects/jackson-core/src/test/java/com/fasterxml/jackson/core/sym/TestByteBasedSymbols.java,0.6547189156214396
/home/dorma10/mutation-analysis/projects/jackson-core/src/test/java/com/fasterxml/jackson/core/sym/SymbolsViaParserTest.java,0.6478523037263325
/home/dorma10/mutation-analysis/projects/jackson-core/src/test/java/com/fasterxml/jackson/core/sym/TestSymbolsWithMediaItem.java,0.3651566728949547
/home/dorma10/mutation-analysis/projects/jackson-core/src/test/java/com/fasterxml/jackson/core/TestJDKSerializability.java,0.5697717636823654
/home/dorma10/mutation-analysis/projects/jackson-core/src/test/java/com/fasterxml/jackson/core/read/LocationDuringReaderParsingTest.java,0.7379146126600412
/home/dorma10/mutation-analysis/projects/jackson-core/src/test/java/com/fasterxml/jackson/core/read/TrailingCommasTest.java,0.5522311803172616
/home/dorma10/mutation-analysis/projects/jackson-core/src/test/java/com/fasterxml/jackson/core/read/ValueConversionsTest.java,0.5688835997134447
/home/dorma10/mutation-analysis/projects/jackson-core/src/test/java/com/fasterxml/jackson/core/read/LocationOffsetsTest.java,0.6807545889168978
/home/dorma10/mutation-analysis/projects/jackson-core/src/test/java/com/fasterxml/jackson/core/read/ParserFeaturesTest.java,0.596576440665457
/home/dorma10/mutation-analysis/projects/jackson-core/src/test/java/com/fasterxml/jackson/core/read/NextNameParserTest.java,0.5857908297330141
/home/dorma10/mutation-analysis/projects/jackson-core/src/test/java/com/fasterxml/jackson/core/read/UTF8NamesParseTest.java,0.4876671147843202
/home/dorma10/mutation-analysis/projects/jackson-core/src/test/java/com/fasterxml/jackson/core/read/ParserErrorHandlingTest.java,0.7766330705748664
/home/dorma10/mutation-analysis/projects/jackson-core/src/test/java/com/fasterxml/jackson/core/read/ParserLinefeedsTest.java,0.7431225702166557
/home/dorma10/mutation-analysis/projects/jackson-core/src/test/java/com/fasterxml/jackson/core/read/ParserClosingTest.java,0.7618354017084296
/home/dorma10/mutation-analysis/projects/jackson-core/src/test/java/com/fasterxml/jackson/core/read/NonStandardAposQuotedNamesTest.java,0.5571773797273636
/home/dorma10/mutation-analysis/projects/jackson-core/src/test/java/com/fasterxml/jackson/core/read/ArrayParsingTest.java,0.6980112642049789
/home/dorma10/mutation-analysis/projects/jackson-core/src/test/java/com/fasterxml/jackson/core/read/NumberParsingTest.java,0.5925201630323298
/home/dorma10/mutation-analysis/projects/jackson-core/src/test/java/com/fasterxml/jackson/core/read/NumberCoercionTest.java,0.4886414185166359
/home/dorma10/mutation-analysis/projects/jackson-core/src/test/java/com/fasterxml/jackson/core/read/SimpleParserTest.java,0.6193698623683304
/home/dorma10/mutation-analysis/projects/jackson-core/src/test/java/com/fasterxml/jackson/core/read/NonStandardUnquotedNamesTest.java,0.5897557772696018
/home/dorma10/mutation-analysis/projects/jackson-core/src/test/java/com/fasterxml/jackson/core/read/CommentParsingTest.java,0.569015165023944
/home/dorma10/mutation-analysis/projects/jackson-core/src/test/java/com/fasterxml/jackson/core/read/ParserSymbolHandlingTest.java,0.668535461028417
/home/dorma10/mutation-analysis/projects/jackson-core/src/test/java/com/fasterxml/jackson/core/read/LocationOffsets455Test.java,0.24167636781930923
/home/dorma10/mutation-analysis/projects/jackson-core/src/test/java/com/fasterxml/jackson/core/read/NonStandardParserFeaturesTest.java,0.6638148367404938
/home/dorma10/mutation-analysis/projects/jackson-core/src/test/java/com/fasterxml/jackson/core/read/UTF32ParseTest.java,0.8349198897679647
/home/dorma10/mutation-analysis/projects/jackson-core/src/test/java/com/fasterxml/jackson/core/read/ParserSequenceTest.java,0.39963749051094055
/home/dorma10/mutation-analysis/projects/jackson-core/src/test/java/com/fasterxml/jackson/core/read/DataInputTest.java,0.627497136592865
/home/dorma10/mutation-analysis/projects/jackson-core/src/test/java/com/fasterxml/jackson/core/read/NumberOverflowTest.java,0.45349302887916565
/home/dorma10/mutation-analysis/projects/jackson-core/src/test/java/com/fasterxml/jackson/core/read/LocationInArrayTest.java,0.5520524252206087
/home/dorma10/mutation-analysis/projects/jackson-core/src/test/java/com/fasterxml/jackson/core/read/LocationInObjectTest.java,0.3685859143733978
/home/dorma10/mutation-analysis/projects/jackson-core/src/test/java/com/fasterxml/jackson/core/read/NextXxxAccessTest.java,0.45261530864697236
/home/dorma10/mutation-analysis/projects/jackson-core/src/test/java/com/fasterxml/jackson/core/read/ParserScopeMatchingTest.java,0.7380664604050773
/home/dorma10/mutation-analysis/projects/jackson-core/src/test/java/com/fasterxml/jackson/core/read/ParserDupHandlingTest.java,0.5387404064337412
/home/dorma10/mutation-analysis/projects/jackson-core/src/test/java/com/fasterxml/jackson/core/read/TrailingCommas616Test.java,0.7354099005460739
/home/dorma10/mutation-analysis/projects/jackson-core/src/test/java/com/fasterxml/jackson/core/read/LocationDuringStreamParsingTest.java,0.7296274946286128
/home/dorma10/mutation-analysis/projects/jackson-core/src/test/java/com/fasterxml/jackson/core/read/ParserWithObjectsTest.java,0.6930890331665674
/home/dorma10/mutation-analysis/projects/jackson-core/src/test/java/com/fasterxml/jackson/core/read/NonStandardNumberParsingTest.java,0.7040577411651612
/home/dorma10/mutation-analysis/projects/jackson-core/src/test/java/com/fasterxml/jackson/core/VersionTest.java,0.7062520146369934
/home/dorma10/mutation-analysis/projects/jackson-core/src/test/java/com/fasterxml/jackson/core/type/TypeReferenceTest.java,0.9008401489257812
/home/dorma10/mutation-analysis/projects/jackson-core/src/test/java/com/fasterxml/jackson/failing/Surrogate223Test.java,0.32637661695480347
/home/dorma10/mutation-analysis/projects/jackson-core/src/test/java/com/fasterxml/jackson/failing/ParserErrorHandlingTest.java,0.7542966107527415
/home/dorma10/mutation-analysis/projects/jackson-core/src/test/java/com/fasterxml/jackson/failing/async/AsyncTokenErrorTest.java,0.6769933924078941
/home/dorma10/mutation-analysis/projects/jackson-core/src/test/java/perf/EnumByBytesLookup.java,0.7055493220686913
/home/dorma10/mutation-analysis/projects/jackson-core/src/test/java/perf/ParserTestBase.java,0.8494725227355957
/home/dorma10/mutation-analysis/projects/jackson-core/src/test/java/perf/MediaItem.java,0.8202659196042
/home/dorma10/mutation-analysis/projects/jackson-core/src/test/java/perf/ManualIntRead.java,0.76958726644516
/home/dorma10/mutation-analysis/projects/jackson-core/src/test/java/perf/ConcurrencyReadTest.java,0.757006362080574
/home/dorma10/mutation-analysis/projects/jackson-core/src/test/java/perf/ManualCharAccessTest.java,0.5769080171982447
/home/dorma10/mutation-analysis/projects/jackson-core/src/test/java/perf/ManualSmallTokenRead.java,0.7059453248977661
/home/dorma10/mutation-analysis/projects/jackson-core/src/test/java/perf/ManualReadPerfWithMedia.java,0.6475280404090882
/home/dorma10/mutation-analysis/projects/jackson-core/src/moditect/module-info.java,0.4293944537639618
/home/dorma10/mutation-analysis/projects/jackson-core/target/generated-sources/com/fasterxml/jackson/core/json/PackageVersion.java,0.9404970407485962
