/home/dorma10/mutation-analysis/projects/joda-time/src/example/org/joda/example/time/TimeZoneTable.java,0.5951721556484699
/home/dorma10/mutation-analysis/projects/joda-time/src/example/org/joda/example/time/AgeCalculator.java,0.7022816301323473
/home/dorma10/mutation-analysis/projects/joda-time/src/example/org/joda/example/time/DateTimePerformance.java,0.6681121014631711
/home/dorma10/mutation-analysis/projects/joda-time/src/example/org/joda/example/time/DateTimeBrowser.java,0.7095272819495807
/home/dorma10/mutation-analysis/projects/joda-time/src/example/org/joda/example/time/Examples.java,0.501369358971715
/home/dorma10/mutation-analysis/projects/joda-time/src/main/java/org/joda/time/PeriodType.java,0.8789100820461336
/home/dorma10/mutation-analysis/projects/joda-time/src/main/java/org/joda/time/DurationField.java,0.9769980549812317
/home/dorma10/mutation-analysis/projects/joda-time/src/main/java/org/joda/time/Chronology.java,0.9699196195115849
/home/dorma10/mutation-analysis/projects/joda-time/src/main/java/org/joda/time/tz/FixedDateTimeZone.java,0.8526115580038591
/home/dorma10/mutation-analysis/projects/joda-time/src/main/java/org/joda/time/tz/DefaultNameProvider.java,0.6151188798248768
/home/dorma10/mutation-analysis/projects/joda-time/src/main/java/org/joda/time/tz/ZoneInfoLogger.java,0.9637838006019592
/home/dorma10/mutation-analysis/projects/joda-time/src/main/java/org/joda/time/tz/NameProvider.java,0.8132128715515137
/home/dorma10/mutation-analysis/projects/joda-time/src/main/java/org/joda/time/tz/CachedDateTimeZone.java,0.7648390847093919
/home/dorma10/mutation-analysis/projects/joda-time/src/main/java/org/joda/time/tz/ZoneInfoProvider.java,0.7607325590573825
/home/dorma10/mutation-analysis/projects/joda-time/src/main/java/org/joda/time/tz/UTCProvider.java,0.9437862833340963
/home/dorma10/mutation-analysis/projects/joda-time/src/main/java/org/joda/time/tz/DateTimeZoneBuilder.java,0.7489205336058011
/home/dorma10/mutation-analysis/projects/joda-time/src/main/java/org/joda/time/tz/ZoneInfoCompiler.java,0.6236037985554763
/home/dorma10/mutation-analysis/projects/joda-time/src/main/java/org/joda/time/tz/Provider.java,0.8378676176071167
/home/dorma10/mutation-analysis/projects/joda-time/src/main/java/org/joda/time/ReadableInterval.java,0.945937230473473
/home/dorma10/mutation-analysis/projects/joda-time/src/main/java/org/joda/time/Partial.java,0.8468402905596627
/home/dorma10/mutation-analysis/projects/joda-time/src/main/java/org/joda/time/ReadWritableInstant.java,0.9470825692017873
/home/dorma10/mutation-analysis/projects/joda-time/src/main/java/org/joda/time/chrono/GJCacheKey.java,0.5081309129794439
/home/dorma10/mutation-analysis/projects/joda-time/src/main/java/org/joda/time/chrono/GJDayOfWeekDateTimeField.java,0.903749406337738
/home/dorma10/mutation-analysis/projects/joda-time/src/main/java/org/joda/time/chrono/GregorianChronology.java,0.8400554797228645
/home/dorma10/mutation-analysis/projects/joda-time/src/main/java/org/joda/time/chrono/GJMonthOfYearDateTimeField.java,0.7126894394556681
/home/dorma10/mutation-analysis/projects/joda-time/src/main/java/org/joda/time/chrono/ZonedChronology.java,0.756214121829218
/home/dorma10/mutation-analysis/projects/joda-time/src/main/java/org/joda/time/chrono/EthiopicChronology.java,0.8452615482466561
/home/dorma10/mutation-analysis/projects/joda-time/src/main/java/org/joda/time/chrono/LimitChronology.java,0.7875972757184947
/home/dorma10/mutation-analysis/projects/joda-time/src/main/java/org/joda/time/chrono/BasicChronology.java,0.834873516112566
/home/dorma10/mutation-analysis/projects/joda-time/src/main/java/org/joda/time/chrono/IslamicChronology.java,0.8248648486203618
/home/dorma10/mutation-analysis/projects/joda-time/src/main/java/org/joda/time/chrono/CopticChronology.java,0.8426899271351951
/home/dorma10/mutation-analysis/projects/joda-time/src/main/java/org/joda/time/chrono/BasicWeekyearDateTimeField.java,0.842009565409492
/home/dorma10/mutation-analysis/projects/joda-time/src/main/java/org/joda/time/chrono/LenientChronology.java,0.7984187139405144
/home/dorma10/mutation-analysis/projects/joda-time/src/main/java/org/joda/time/chrono/BaseChronology.java,0.8556387555599213
/home/dorma10/mutation-analysis/projects/joda-time/src/main/java/org/joda/time/chrono/GJLocaleSymbols.java,0.755475024814191
/home/dorma10/mutation-analysis/projects/joda-time/src/main/java/org/joda/time/chrono/BasicSingleEraDateTimeField.java,0.9203072115778923
/home/dorma10/mutation-analysis/projects/joda-time/src/main/java/org/joda/time/chrono/BasicDayOfMonthDateTimeField.java,0.8040128268978812
/home/dorma10/mutation-analysis/projects/joda-time/src/main/java/org/joda/time/chrono/AssembledChronology.java,0.8587368042445837
/home/dorma10/mutation-analysis/projects/joda-time/src/main/java/org/joda/time/chrono/BuddhistChronology.java,0.8879699327728965
/home/dorma10/mutation-analysis/projects/joda-time/src/main/java/org/joda/time/chrono/BasicYearDateTimeField.java,0.8209092146471927
/home/dorma10/mutation-analysis/projects/joda-time/src/main/java/org/joda/time/chrono/StrictChronology.java,0.8045764101876153
/home/dorma10/mutation-analysis/projects/joda-time/src/main/java/org/joda/time/chrono/ISOChronology.java,0.8655495802561443
/home/dorma10/mutation-analysis/projects/joda-time/src/main/java/org/joda/time/chrono/GJYearOfEraDateTimeField.java,0.8346074782311916
/home/dorma10/mutation-analysis/projects/joda-time/src/main/java/org/joda/time/chrono/BasicGJChronology.java,0.6766774108012518
/home/dorma10/mutation-analysis/projects/joda-time/src/main/java/org/joda/time/chrono/GJEraDateTimeField.java,0.8509391756618724
/home/dorma10/mutation-analysis/projects/joda-time/src/main/java/org/joda/time/chrono/GJChronology.java,0.7518265839470061
/home/dorma10/mutation-analysis/projects/joda-time/src/main/java/org/joda/time/chrono/JulianChronology.java,0.8399607633289538
/home/dorma10/mutation-analysis/projects/joda-time/src/main/java/org/joda/time/chrono/BasicWeekOfWeekyearDateTimeField.java,0.8029921696736262
/home/dorma10/mutation-analysis/projects/joda-time/src/main/java/org/joda/time/chrono/BasicFixedMonthChronology.java,0.8325148542722066
/home/dorma10/mutation-analysis/projects/joda-time/src/main/java/org/joda/time/chrono/BasicMonthOfYearDateTimeField.java,0.7794407548175918
/home/dorma10/mutation-analysis/projects/joda-time/src/main/java/org/joda/time/chrono/BasicDayOfYearDateTimeField.java,0.7838566330346194
/home/dorma10/mutation-analysis/projects/joda-time/src/main/java/org/joda/time/chrono/ISOYearOfEraDateTimeField.java,0.8245166651904583
/home/dorma10/mutation-analysis/projects/joda-time/src/main/java/org/joda/time/TimeOfDay.java,0.9138879171058313
/home/dorma10/mutation-analysis/projects/joda-time/src/main/java/org/joda/time/Instant.java,0.9415273368358612
/home/dorma10/mutation-analysis/projects/joda-time/src/main/java/org/joda/time/DateTimeConstants.java,0.9636474251747131
/home/dorma10/mutation-analysis/projects/joda-time/src/main/java/org/joda/time/MutablePeriod.java,0.9343579138318697
/home/dorma10/mutation-analysis/projects/joda-time/src/main/java/org/joda/time/DateTimeZone.java,0.8235556020268372
/home/dorma10/mutation-analysis/projects/joda-time/src/main/java/org/joda/time/DateTimeFieldType.java,0.9248758683333526
/home/dorma10/mutation-analysis/projects/joda-time/src/main/java/org/joda/time/Minutes.java,0.9163347482681274
/home/dorma10/mutation-analysis/projects/joda-time/src/main/java/org/joda/time/Duration.java,0.9346440472910481
/home/dorma10/mutation-analysis/projects/joda-time/src/main/java/org/joda/time/YearMonthDay.java,0.9137575493918525
/home/dorma10/mutation-analysis/projects/joda-time/src/main/java/org/joda/time/ReadablePeriod.java,0.9454667243090543
/home/dorma10/mutation-analysis/projects/joda-time/src/main/java/org/joda/time/IllegalFieldValueException.java,0.8899640880132976
/home/dorma10/mutation-analysis/projects/joda-time/src/main/java/org/joda/time/UTCDateTimeZone.java,0.9298466010527178
/home/dorma10/mutation-analysis/projects/joda-time/src/main/java/org/joda/time/ReadableInstant.java,0.9444799224535624
/home/dorma10/mutation-analysis/projects/joda-time/src/main/java/org/joda/time/ReadableDateTime.java,0.9515851654789664
/home/dorma10/mutation-analysis/projects/joda-time/src/main/java/org/joda/time/DateTime.java,0.9022698247526574
/home/dorma10/mutation-analysis/projects/joda-time/src/main/java/org/joda/time/Weeks.java,0.9377553577606494
/home/dorma10/mutation-analysis/projects/joda-time/src/main/java/org/joda/time/DateTimeComparator.java,0.846985596876878
/home/dorma10/mutation-analysis/projects/joda-time/src/main/java/org/joda/time/DateTimeUtils.java,0.8598866001252206
/home/dorma10/mutation-analysis/projects/joda-time/src/main/java/org/joda/time/LocalDate.java,0.880969978933749
/home/dorma10/mutation-analysis/projects/joda-time/src/main/java/org/joda/time/ReadableDuration.java,0.9429654545254178
/home/dorma10/mutation-analysis/projects/joda-time/src/main/java/org/joda/time/Interval.java,0.8666865384578705
/home/dorma10/mutation-analysis/projects/joda-time/src/main/java/org/joda/time/Hours.java,0.921124456020502
/home/dorma10/mutation-analysis/projects/joda-time/src/main/java/org/joda/time/ReadWritableDateTime.java,0.9613244946186359
/home/dorma10/mutation-analysis/projects/joda-time/src/main/java/org/joda/time/ReadWritableInterval.java,0.9303280413150787
/home/dorma10/mutation-analysis/projects/joda-time/src/main/java/org/joda/time/ReadWritablePeriod.java,0.9700222542652717
/home/dorma10/mutation-analysis/projects/joda-time/src/main/java/org/joda/time/base/BasePartial.java,0.9236832968890667
/home/dorma10/mutation-analysis/projects/joda-time/src/main/java/org/joda/time/base/AbstractPeriod.java,0.9105981162616185
/home/dorma10/mutation-analysis/projects/joda-time/src/main/java/org/joda/time/base/BasePeriod.java,0.8304637013934553
/home/dorma10/mutation-analysis/projects/joda-time/src/main/java/org/joda/time/base/AbstractDuration.java,0.9111880600452423
/home/dorma10/mutation-analysis/projects/joda-time/src/main/java/org/joda/time/base/AbstractPartial.java,0.8656984397343227
/home/dorma10/mutation-analysis/projects/joda-time/src/main/java/org/joda/time/base/BaseSingleFieldPeriod.java,0.8443268967999352
/home/dorma10/mutation-analysis/projects/joda-time/src/main/java/org/joda/time/base/BaseDuration.java,0.9412601669629415
/home/dorma10/mutation-analysis/projects/joda-time/src/main/java/org/joda/time/base/BaseDateTime.java,0.8932387696372138
/home/dorma10/mutation-analysis/projects/joda-time/src/main/java/org/joda/time/base/BaseLocal.java,0.9953043460845947
/home/dorma10/mutation-analysis/projects/joda-time/src/main/java/org/joda/time/base/AbstractInterval.java,0.905898701261591
/home/dorma10/mutation-analysis/projects/joda-time/src/main/java/org/joda/time/base/BaseInterval.java,0.7785271839662031
/home/dorma10/mutation-analysis/projects/joda-time/src/main/java/org/joda/time/base/AbstractInstant.java,0.9169738313247418
/home/dorma10/mutation-analysis/projects/joda-time/src/main/java/org/joda/time/base/AbstractDateTime.java,0.9174778199195862
/home/dorma10/mutation-analysis/projects/joda-time/src/main/java/org/joda/time/field/DecoratedDurationField.java,0.8933626353740692
/home/dorma10/mutation-analysis/projects/joda-time/src/main/java/org/joda/time/field/ZeroIsMaxDateTimeField.java,0.8499161073794732
/home/dorma10/mutation-analysis/projects/joda-time/src/main/java/org/joda/time/field/LenientDateTimeField.java,0.8112444281578064
/home/dorma10/mutation-analysis/projects/joda-time/src/main/java/org/joda/time/field/PreciseDateTimeField.java,0.9243464044162205
/home/dorma10/mutation-analysis/projects/joda-time/src/main/java/org/joda/time/field/UnsupportedDurationField.java,0.9407864665985107
/home/dorma10/mutation-analysis/projects/joda-time/src/main/java/org/joda/time/field/DelegatedDateTimeField.java,0.8338019362202397
/home/dorma10/mutation-analysis/projects/joda-time/src/main/java/org/joda/time/field/AbstractPartialFieldProperty.java,0.904924213886261
/home/dorma10/mutation-analysis/projects/joda-time/src/main/java/org/joda/time/field/BaseDateTimeField.java,0.9099444887217354
/home/dorma10/mutation-analysis/projects/joda-time/src/main/java/org/joda/time/field/PreciseDurationDateTimeField.java,0.9305643379688263
/home/dorma10/mutation-analysis/projects/joda-time/src/main/java/org/joda/time/field/OffsetDateTimeField.java,0.8879753589630127
/home/dorma10/mutation-analysis/projects/joda-time/src/main/java/org/joda/time/field/StrictDateTimeField.java,0.8902438282966614
/home/dorma10/mutation-analysis/projects/joda-time/src/main/java/org/joda/time/field/FieldUtils.java,0.8311749994754791
/home/dorma10/mutation-analysis/projects/joda-time/src/main/java/org/joda/time/field/MillisDurationField.java,0.9054634415585062
/home/dorma10/mutation-analysis/projects/joda-time/src/main/java/org/joda/time/field/DelegatedDurationField.java,0.884015920261542
/home/dorma10/mutation-analysis/projects/joda-time/src/main/java/org/joda/time/field/ImpreciseDateTimeField.java,0.8807404014197263
/home/dorma10/mutation-analysis/projects/joda-time/src/main/java/org/joda/time/field/RemainderDateTimeField.java,0.8673803120851517
/home/dorma10/mutation-analysis/projects/joda-time/src/main/java/org/joda/time/field/SkipDateTimeField.java,0.8157164851824442
/home/dorma10/mutation-analysis/projects/joda-time/src/main/java/org/joda/time/field/AbstractReadableInstantFieldProperty.java,0.9113173633813858
/home/dorma10/mutation-analysis/projects/joda-time/src/main/java/org/joda/time/field/ScaledDurationField.java,0.8078762678539052
/home/dorma10/mutation-analysis/projects/joda-time/src/main/java/org/joda/time/field/UnsupportedDateTimeField.java,0.9320676613737036
/home/dorma10/mutation-analysis/projects/joda-time/src/main/java/org/joda/time/field/SkipUndoDateTimeField.java,0.8561035792032877
/home/dorma10/mutation-analysis/projects/joda-time/src/main/java/org/joda/time/field/DividedDateTimeField.java,0.817724712585148
/home/dorma10/mutation-analysis/projects/joda-time/src/main/java/org/joda/time/field/DecoratedDateTimeField.java,0.8961420297622681
/home/dorma10/mutation-analysis/projects/joda-time/src/main/java/org/joda/time/field/PreciseDurationField.java,0.8828122399070046
/home/dorma10/mutation-analysis/projects/joda-time/src/main/java/org/joda/time/field/BaseDurationField.java,0.8886556029319763
/home/dorma10/mutation-analysis/projects/joda-time/src/main/java/org/joda/time/MonthDay.java,0.9164206606370432
/home/dorma10/mutation-analysis/projects/joda-time/src/main/java/org/joda/time/YearMonth.java,0.9197373251829829
/home/dorma10/mutation-analysis/projects/joda-time/src/main/java/org/joda/time/format/DateTimePrinterInternalPrinter.java,0.5755800579984983
/home/dorma10/mutation-analysis/projects/joda-time/src/main/java/org/joda/time/format/DateTimeFormatterBuilder.java,0.7634109003205375
/home/dorma10/mutation-analysis/projects/joda-time/src/main/java/org/joda/time/format/InternalParserDateTimeParser.java,0.6906857192516327
/home/dorma10/mutation-analysis/projects/joda-time/src/main/java/org/joda/time/format/InternalPrinterDateTimePrinter.java,0.6588646769523621
/home/dorma10/mutation-analysis/projects/joda-time/src/main/java/org/joda/time/format/DateTimePrinter.java,0.8886592388153076
/home/dorma10/mutation-analysis/projects/joda-time/src/main/java/org/joda/time/format/ISOPeriodFormat.java,0.5950345396995544
/home/dorma10/mutation-analysis/projects/joda-time/src/main/java/org/joda/time/format/DateTimeFormatter.java,0.8405628073215484
/home/dorma10/mutation-analysis/projects/joda-time/src/main/java/org/joda/time/format/InternalPrinter.java,0.8821549216906229
/home/dorma10/mutation-analysis/projects/joda-time/src/main/java/org/joda/time/format/PeriodPrinter.java,0.8749920278787613
/home/dorma10/mutation-analysis/projects/joda-time/src/main/java/org/joda/time/format/PeriodFormatter.java,0.9004075558562028
/home/dorma10/mutation-analysis/projects/joda-time/src/main/java/org/joda/time/format/DateTimeParserInternalParser.java,0.7450148463249207
/home/dorma10/mutation-analysis/projects/joda-time/src/main/java/org/joda/time/format/FormatUtils.java,0.7718409113585949
/home/dorma10/mutation-analysis/projects/joda-time/src/main/java/org/joda/time/format/PeriodFormatterBuilder.java,0.7162961379494056
/home/dorma10/mutation-analysis/projects/joda-time/src/main/java/org/joda/time/format/DateTimeParserBucket.java,0.8419202025447573
/home/dorma10/mutation-analysis/projects/joda-time/src/main/java/org/joda/time/format/ISODateTimeFormat.java,0.8041041008496689
/home/dorma10/mutation-analysis/projects/joda-time/src/main/java/org/joda/time/format/PeriodParser.java,0.8047727942466736
/home/dorma10/mutation-analysis/projects/joda-time/src/main/java/org/joda/time/format/DateTimeFormat.java,0.7713238454113404
/home/dorma10/mutation-analysis/projects/joda-time/src/main/java/org/joda/time/format/InternalParser.java,0.9084279835224152
/home/dorma10/mutation-analysis/projects/joda-time/src/main/java/org/joda/time/format/DateTimeParser.java,0.9106049239635468
/home/dorma10/mutation-analysis/projects/joda-time/src/main/java/org/joda/time/format/PeriodFormat.java,0.6777289606192533
/home/dorma10/mutation-analysis/projects/joda-time/src/main/java/org/joda/time/MutableDateTime.java,0.8988298078378042
/home/dorma10/mutation-analysis/projects/joda-time/src/main/java/org/joda/time/MutableInterval.java,0.9034498091097232
/home/dorma10/mutation-analysis/projects/joda-time/src/main/java/org/joda/time/ReadablePartial.java,0.9369305859912526
/home/dorma10/mutation-analysis/projects/joda-time/src/main/java/org/joda/time/DurationFieldType.java,0.9393156414682214
/home/dorma10/mutation-analysis/projects/joda-time/src/main/java/org/joda/time/convert/PeriodConverter.java,0.892892599105835
/home/dorma10/mutation-analysis/projects/joda-time/src/main/java/org/joda/time/convert/ConverterSet.java,0.8443247675895691
/home/dorma10/mutation-analysis/projects/joda-time/src/main/java/org/joda/time/convert/DateConverter.java,0.9705696900685629
/home/dorma10/mutation-analysis/projects/joda-time/src/main/java/org/joda/time/convert/ConverterManager.java,0.7686560707432883
/home/dorma10/mutation-analysis/projects/joda-time/src/main/java/org/joda/time/convert/CalendarConverter.java,0.879830002784729
/home/dorma10/mutation-analysis/projects/joda-time/src/main/java/org/joda/time/convert/ReadablePeriodConverter.java,0.936732292175293
/home/dorma10/mutation-analysis/projects/joda-time/src/main/java/org/joda/time/convert/LongConverter.java,0.9665827453136444
/home/dorma10/mutation-analysis/projects/joda-time/src/main/java/org/joda/time/convert/ReadableDurationConverter.java,0.8506952524185181
/home/dorma10/mutation-analysis/projects/joda-time/src/main/java/org/joda/time/convert/PartialConverter.java,0.8616407215595245
/home/dorma10/mutation-analysis/projects/joda-time/src/main/java/org/joda/time/convert/InstantConverter.java,0.8626209100087484
/home/dorma10/mutation-analysis/projects/joda-time/src/main/java/org/joda/time/convert/ReadableIntervalConverter.java,0.8496573567390442
/home/dorma10/mutation-analysis/projects/joda-time/src/main/java/org/joda/time/convert/IntervalConverter.java,0.8951378166675568
/home/dorma10/mutation-analysis/projects/joda-time/src/main/java/org/joda/time/convert/AbstractConverter.java,0.9202835957209269
/home/dorma10/mutation-analysis/projects/joda-time/src/main/java/org/joda/time/convert/NullConverter.java,0.9211623072624207
/home/dorma10/mutation-analysis/projects/joda-time/src/main/java/org/joda/time/convert/StringConverter.java,0.6227911952883005
/home/dorma10/mutation-analysis/projects/joda-time/src/main/java/org/joda/time/convert/Converter.java,0.8317568898200989
/home/dorma10/mutation-analysis/projects/joda-time/src/main/java/org/joda/time/convert/ReadableInstantConverter.java,0.8770252466201782
/home/dorma10/mutation-analysis/projects/joda-time/src/main/java/org/joda/time/convert/ReadablePartialConverter.java,0.8800300359725952
/home/dorma10/mutation-analysis/projects/joda-time/src/main/java/org/joda/time/convert/DurationConverter.java,0.9426820278167725
/home/dorma10/mutation-analysis/projects/joda-time/src/main/java/org/joda/time/Period.java,0.8725593408872915
/home/dorma10/mutation-analysis/projects/joda-time/src/main/java/org/joda/time/JodaTimePermission.java,0.9522323608398438
/home/dorma10/mutation-analysis/projects/joda-time/src/main/java/org/joda/time/DateTimeField.java,0.960397717999477
/home/dorma10/mutation-analysis/projects/joda-time/src/main/java/org/joda/time/Months.java,0.9416264474391938
/home/dorma10/mutation-analysis/projects/joda-time/src/main/java/org/joda/time/LocalDateTime.java,0.8859454954879872
/home/dorma10/mutation-analysis/projects/joda-time/src/main/java/org/joda/time/LocalTime.java,0.8743959459993574
/home/dorma10/mutation-analysis/projects/joda-time/src/main/java/org/joda/time/DateMidnight.java,0.9045573657956617
/home/dorma10/mutation-analysis/projects/joda-time/src/main/java/org/joda/time/IllegalInstantException.java,0.8182333707809448
/home/dorma10/mutation-analysis/projects/joda-time/src/main/java/org/joda/time/Days.java,0.9279978687946613
/home/dorma10/mutation-analysis/projects/joda-time/src/main/java/org/joda/time/Seconds.java,0.9390860841824458
/home/dorma10/mutation-analysis/projects/joda-time/src/main/java/org/joda/time/Years.java,0.9205584973096848
/home/dorma10/mutation-analysis/projects/joda-time/src/test/java/org/joda/time/TestPeriod_Basics.java,0.4070377107067355
/home/dorma10/mutation-analysis/projects/joda-time/src/test/java/org/joda/time/TestLocalTime_Constructors.java,0.5474485632148571
/home/dorma10/mutation-analysis/projects/joda-time/src/test/java/org/joda/time/TestDuration_Basics.java,0.654655920145543
/home/dorma10/mutation-analysis/projects/joda-time/src/test/java/org/joda/time/TestPartial_Basics.java,0.5827584026089634
/home/dorma10/mutation-analysis/projects/joda-time/src/test/java/org/joda/time/TestMinutes.java,0.6191519349813461
/home/dorma10/mutation-analysis/projects/joda-time/src/test/java/org/joda/time/TestDateTime_Properties.java,0.35931554942258764
/home/dorma10/mutation-analysis/projects/joda-time/src/test/java/org/joda/time/TestLocalDateTime_Constructors.java,0.503098598531177
/home/dorma10/mutation-analysis/projects/joda-time/src/test/java/org/joda/time/tz/TestAll.java,0.8085779746373495
/home/dorma10/mutation-analysis/projects/joda-time/src/test/java/org/joda/time/tz/TestCachedDateTimeZone.java,0.7521913690226418
/home/dorma10/mutation-analysis/projects/joda-time/src/test/java/org/joda/time/tz/TestZoneInfoCompiler.java,0.592483702633116
/home/dorma10/mutation-analysis/projects/joda-time/src/test/java/org/joda/time/tz/TestUTCProvider.java,0.7851694126923879
/home/dorma10/mutation-analysis/projects/joda-time/src/test/java/org/joda/time/tz/TestBuilder.java,0.6187707211822271
/home/dorma10/mutation-analysis/projects/joda-time/src/test/java/org/joda/time/tz/TestFixedDateTimeZone.java,0.7315940603613853
/home/dorma10/mutation-analysis/projects/joda-time/src/test/java/org/joda/time/tz/TestCompiler.java,0.576374503257482
/home/dorma10/mutation-analysis/projects/joda-time/src/test/java/org/joda/time/TestMutableDateTime_Adds.java,0.5075814247131347
/home/dorma10/mutation-analysis/projects/joda-time/src/test/java/org/joda/time/TestTimeOfDay_Constructors.java,0.6294024626121801
/home/dorma10/mutation-analysis/projects/joda-time/src/test/java/org/joda/time/TestAll.java,0.9042814373970032
/home/dorma10/mutation-analysis/projects/joda-time/src/test/java/org/joda/time/TestYearMonth_Properties.java,0.5290889308477441
/home/dorma10/mutation-analysis/projects/joda-time/src/test/java/org/joda/time/chrono/TestAll.java,0.8019867142041525
/home/dorma10/mutation-analysis/projects/joda-time/src/test/java/org/joda/time/chrono/TestCopticChronology.java,0.4923121384787616
/home/dorma10/mutation-analysis/projects/joda-time/src/test/java/org/joda/time/chrono/TestBuddhistChronology.java,0.4136413028019505
/home/dorma10/mutation-analysis/projects/joda-time/src/test/java/org/joda/time/chrono/TestIslamicChronology.java,0.39911907605494856
/home/dorma10/mutation-analysis/projects/joda-time/src/test/java/org/joda/time/chrono/TestGJDate.java,0.6329869818356302
/home/dorma10/mutation-analysis/projects/joda-time/src/test/java/org/joda/time/chrono/TestJulianChronology.java,0.47373763466869906
/home/dorma10/mutation-analysis/projects/joda-time/src/test/java/org/joda/time/chrono/TestGJChronology.java,0.46524515740121486
/home/dorma10/mutation-analysis/projects/joda-time/src/test/java/org/joda/time/chrono/TestISOChronology.java,0.4089471983949261
/home/dorma10/mutation-analysis/projects/joda-time/src/test/java/org/joda/time/chrono/TestLenientChronology.java,0.6391251464684804
/home/dorma10/mutation-analysis/projects/joda-time/src/test/java/org/joda/time/chrono/ThreadContention.java,0.3715422138571739
/home/dorma10/mutation-analysis/projects/joda-time/src/test/java/org/joda/time/chrono/TestGregorianChronology.java,0.4592963071964301
/home/dorma10/mutation-analysis/projects/joda-time/src/test/java/org/joda/time/chrono/TestEthiopicChronology.java,0.4843785493812902
/home/dorma10/mutation-analysis/projects/joda-time/src/test/java/org/joda/time/chrono/gj/TestGJDayOfWeekField.java,0.8351295292377472
/home/dorma10/mutation-analysis/projects/joda-time/src/test/java/org/joda/time/chrono/gj/TestJulianYearField.java,0.8272210717201233
/home/dorma10/mutation-analysis/projects/joda-time/src/test/java/org/joda/time/chrono/gj/TestGJMonthOfYearField.java,0.7652043293822895
/home/dorma10/mutation-analysis/projects/joda-time/src/test/java/org/joda/time/chrono/gj/TestAll.java,0.8913365403811137
/home/dorma10/mutation-analysis/projects/joda-time/src/test/java/org/joda/time/chrono/gj/TestJulianWeekyearField.java,0.8016127347946167
/home/dorma10/mutation-analysis/projects/joda-time/src/test/java/org/joda/time/chrono/gj/TestJulianDayOfMonthField.java,0.8237619996070862
/home/dorma10/mutation-analysis/projects/joda-time/src/test/java/org/joda/time/chrono/gj/TestGJDateTimeField.java,0.8900302350521088
/home/dorma10/mutation-analysis/projects/joda-time/src/test/java/org/joda/time/chrono/gj/TestJulianMonthOfYearField.java,0.6114445179700851
/home/dorma10/mutation-analysis/projects/joda-time/src/test/java/org/joda/time/chrono/gj/TestJulianChronology.java,0.8003049453099569
/home/dorma10/mutation-analysis/projects/joda-time/src/test/java/org/joda/time/chrono/gj/TestGJChronology.java,0.8671370947902853
/home/dorma10/mutation-analysis/projects/joda-time/src/test/java/org/joda/time/chrono/gj/TestGJDayOfMonthField.java,0.8348867893218994
/home/dorma10/mutation-analysis/projects/joda-time/src/test/java/org/joda/time/chrono/gj/MainTest.java,0.6053016795998528
/home/dorma10/mutation-analysis/projects/joda-time/src/test/java/org/joda/time/chrono/gj/TestGregorianChronology.java,0.8160561431537975
/home/dorma10/mutation-analysis/projects/joda-time/src/test/java/org/joda/time/chrono/gj/TestGJYearField.java,0.8462828045541589
/home/dorma10/mutation-analysis/projects/joda-time/src/test/java/org/joda/time/chrono/gj/TestGJDayOfYearField.java,0.8594451189041138
/home/dorma10/mutation-analysis/projects/joda-time/src/test/java/org/joda/time/chrono/gj/TestGJWeekyearField.java,0.8278611248189752
/home/dorma10/mutation-analysis/projects/joda-time/src/test/java/org/joda/time/chrono/gj/TestGJWeekOfWeekyearField.java,0.833792163266076
/home/dorma10/mutation-analysis/projects/joda-time/src/test/java/org/joda/time/TestMutablePeriod_Updates.java,0.3600813038192871
/home/dorma10/mutation-analysis/projects/joda-time/src/test/java/org/joda/time/TestMonthDay_Constructors.java,0.7325357514269212
/home/dorma10/mutation-analysis/projects/joda-time/src/test/java/org/joda/time/TestMutableDateTime_Basics.java,0.5628717880573053
/home/dorma10/mutation-analysis/projects/joda-time/src/test/java/org/joda/time/TestMutablePeriod_Basics.java,0.6680266296162325
/home/dorma10/mutation-analysis/projects/joda-time/src/test/java/org/joda/time/TestDateTimeZoneCutover.java,0.42551285714152776
/home/dorma10/mutation-analysis/projects/joda-time/src/test/java/org/joda/time/TestMonths.java,0.6224695408095916
/home/dorma10/mutation-analysis/projects/joda-time/src/test/java/org/joda/time/TestDateTimeComparator.java,0.6566815143823623
/home/dorma10/mutation-analysis/projects/joda-time/src/test/java/org/joda/time/TestDateTime_Basics.java,0.5812671044188612
/home/dorma10/mutation-analysis/projects/joda-time/src/test/java/org/joda/time/TestAbstractPartial.java,0.8058442098123056
/home/dorma10/mutation-analysis/projects/joda-time/src/test/java/org/joda/time/TestDuration_Constructors.java,0.6627040428143961
/home/dorma10/mutation-analysis/projects/joda-time/src/test/java/org/joda/time/TestYearMonthDay_Constructors.java,0.7257052608898708
/home/dorma10/mutation-analysis/projects/joda-time/src/test/java/org/joda/time/ClassLoadTest.java,0.6555044054985046
/home/dorma10/mutation-analysis/projects/joda-time/src/test/java/org/joda/time/TestDurationField.java,0.8713757793108622
/home/dorma10/mutation-analysis/projects/joda-time/src/test/java/org/joda/time/TestLocalTime_Properties.java,0.41876893664399784
/home/dorma10/mutation-analysis/projects/joda-time/src/test/java/org/joda/time/TestBaseSingleFieldPeriod.java,0.7015310806035996
/home/dorma10/mutation-analysis/projects/joda-time/src/test/java/org/joda/time/TestMutableDateTime_Constructors.java,0.6605454043465409
/home/dorma10/mutation-analysis/projects/joda-time/src/test/java/org/joda/time/TestInstant_Basics.java,0.6251838673989094
/home/dorma10/mutation-analysis/projects/joda-time/src/test/java/org/joda/time/TestMonthDay_Properties.java,0.49438442786534625
/home/dorma10/mutation-analysis/projects/joda-time/src/test/java/org/joda/time/TestTimeOfDay_Properties.java,0.42092862483114
/home/dorma10/mutation-analysis/projects/joda-time/src/test/java/org/joda/time/TestMutableDateTime_Properties.java,0.4364370237744879
/home/dorma10/mutation-analysis/projects/joda-time/src/test/java/org/joda/time/TestChronology.java,0.5952624368170897
/home/dorma10/mutation-analysis/projects/joda-time/src/test/java/org/joda/time/TestInterval_Basics.java,0.5167376586114583
/home/dorma10/mutation-analysis/projects/joda-time/src/test/java/org/joda/time/TestLocalDateTime_Basics.java,0.49584122672912817
/home/dorma10/mutation-analysis/projects/joda-time/src/test/java/org/joda/time/TestPeriodType.java,0.3372628639670128
/home/dorma10/mutation-analysis/projects/joda-time/src/test/java/org/joda/time/TestYears.java,0.6344755177314465
/home/dorma10/mutation-analysis/projects/joda-time/src/test/java/org/joda/time/TestYearMonthDay_Properties.java,0.43583759800954297
/home/dorma10/mutation-analysis/projects/joda-time/src/test/java/org/joda/time/TestMinMaxLong.java,0.5174281922065549
/home/dorma10/mutation-analysis/projects/joda-time/src/test/java/org/joda/time/TestDateTimeUtils.java,0.6973748894838186
/home/dorma10/mutation-analysis/projects/joda-time/src/test/java/org/joda/time/TestInterval_Constructors.java,0.6316231526843794
/home/dorma10/mutation-analysis/projects/joda-time/src/test/java/org/joda/time/TestDays.java,0.6260180587277693
/home/dorma10/mutation-analysis/projects/joda-time/src/test/java/org/joda/time/TestDateTimeFieldType.java,0.2761456730865663
/home/dorma10/mutation-analysis/projects/joda-time/src/test/java/org/joda/time/field/TestAll.java,0.8069515426953634
/home/dorma10/mutation-analysis/projects/joda-time/src/test/java/org/joda/time/field/TestOffsetDateTimeField.java,0.6583624115834633
/home/dorma10/mutation-analysis/projects/joda-time/src/test/java/org/joda/time/field/TestPreciseDurationField.java,0.726727642385023
/home/dorma10/mutation-analysis/projects/joda-time/src/test/java/org/joda/time/field/TestBaseDateTimeField.java,0.7288021116896912
/home/dorma10/mutation-analysis/projects/joda-time/src/test/java/org/joda/time/field/TestFieldUtils.java,0.7529921799898147
/home/dorma10/mutation-analysis/projects/joda-time/src/test/java/org/joda/time/field/TestPreciseDurationDateTimeField.java,0.7328654675073522
/home/dorma10/mutation-analysis/projects/joda-time/src/test/java/org/joda/time/field/TestPreciseDateTimeField.java,0.7371739751204501
/home/dorma10/mutation-analysis/projects/joda-time/src/test/java/org/joda/time/field/TestMillisDurationField.java,0.6711972975730895
/home/dorma10/mutation-analysis/projects/joda-time/src/test/java/org/joda/time/field/TestUnsupportedDateTimeField.java,0.8364889442920684
/home/dorma10/mutation-analysis/projects/joda-time/src/test/java/org/joda/time/field/TestScaledDurationField.java,0.7092674541576155
/home/dorma10/mutation-analysis/projects/joda-time/src/test/java/org/joda/time/TestDateTimeZone.java,0.6917537874336392
/home/dorma10/mutation-analysis/projects/joda-time/src/test/java/org/joda/time/format/TestDateTimeFormat.java,0.5590858914672961
/home/dorma10/mutation-analysis/projects/joda-time/src/test/java/org/joda/time/format/TestPeriodFormat.java,0.5074853282677042
/home/dorma10/mutation-analysis/projects/joda-time/src/test/java/org/joda/time/format/TestISODateTimeFormatParsing.java,0.4371739563908666
/home/dorma10/mutation-analysis/projects/joda-time/src/test/java/org/joda/time/format/TestAll.java,0.8265385826428732
/home/dorma10/mutation-analysis/projects/joda-time/src/test/java/org/joda/time/format/TestISOPeriodFormatParsing.java,0.5777335315942764
/home/dorma10/mutation-analysis/projects/joda-time/src/test/java/org/joda/time/format/TestISOPeriodFormat.java,0.4803485044588645
/home/dorma10/mutation-analysis/projects/joda-time/src/test/java/org/joda/time/format/TestPeriodFormatter.java,0.5502933825055758
/home/dorma10/mutation-analysis/projects/joda-time/src/test/java/org/joda/time/format/TestTextFields.java,0.6656519442796707
/home/dorma10/mutation-analysis/projects/joda-time/src/test/java/org/joda/time/format/TestPeriodFormatterBuilder.java,0.38813028854946063
/home/dorma10/mutation-analysis/projects/joda-time/src/test/java/org/joda/time/format/TestDateTimeFormatStyle.java,0.38504530030947465
/home/dorma10/mutation-analysis/projects/joda-time/src/test/java/org/joda/time/format/TestISODateTimeFormat_Fields.java,0.48116163081592983
/home/dorma10/mutation-analysis/projects/joda-time/src/test/java/org/joda/time/format/TestDateTimeFormatterBuilder.java,0.43785130444707143
/home/dorma10/mutation-analysis/projects/joda-time/src/test/java/org/joda/time/format/TestDateTimeFormatter.java,0.4195213237950622
/home/dorma10/mutation-analysis/projects/joda-time/src/test/java/org/joda/time/format/TestPeriodFormatParsing.java,0.6723041865560744
/home/dorma10/mutation-analysis/projects/joda-time/src/test/java/org/joda/time/format/TestDateTimeParserBucket.java,0.4984206860156163
/home/dorma10/mutation-analysis/projects/joda-time/src/test/java/org/joda/time/format/TestISODateTimeFormat.java,0.6121989529506833
/home/dorma10/mutation-analysis/projects/joda-time/src/test/java/org/joda/time/TestSerialization.java,0.7272929312551722
/home/dorma10/mutation-analysis/projects/joda-time/src/test/java/org/joda/time/TestYearMonth_Constructors.java,0.7580486378249001
/home/dorma10/mutation-analysis/projects/joda-time/src/test/java/org/joda/time/TestYearMonth_Basics.java,0.6090266814963384
/home/dorma10/mutation-analysis/projects/joda-time/src/test/java/org/joda/time/TestAllPackages.java,0.7178043325742086
/home/dorma10/mutation-analysis/projects/joda-time/src/test/java/org/joda/time/TestDateMidnight_Constructors.java,0.6959072150131489
/home/dorma10/mutation-analysis/projects/joda-time/src/test/java/org/joda/time/TestPartial_Constructors.java,0.6843214524643761
/home/dorma10/mutation-analysis/projects/joda-time/src/test/java/org/joda/time/TestStringConvert.java,0.6267022848129272
/home/dorma10/mutation-analysis/projects/joda-time/src/test/java/org/joda/time/TestMutableInterval_Updates.java,0.6369804044564565
/home/dorma10/mutation-analysis/projects/joda-time/src/test/java/org/joda/time/TestDateMidnight_Properties.java,0.4361632497121508
/home/dorma10/mutation-analysis/projects/joda-time/src/test/java/org/joda/time/convert/MockZeroNullIntegerConverter.java,0.7998628735542297
/home/dorma10/mutation-analysis/projects/joda-time/src/test/java/org/joda/time/convert/TestReadablePartialConverter.java,0.6475802262624105
/home/dorma10/mutation-analysis/projects/joda-time/src/test/java/org/joda/time/convert/TestCalendarConverter.java,0.5973259651412567
/home/dorma10/mutation-analysis/projects/joda-time/src/test/java/org/joda/time/convert/MockBadChronology.java,0.9258341431617737
/home/dorma10/mutation-analysis/projects/joda-time/src/test/java/org/joda/time/convert/TestAll.java,0.7889150381088257
/home/dorma10/mutation-analysis/projects/joda-time/src/test/java/org/joda/time/convert/TestReadableInstantConverter.java,0.6903132327965328
/home/dorma10/mutation-analysis/projects/joda-time/src/test/java/org/joda/time/convert/TestNullConverter.java,0.6308285941680273
/home/dorma10/mutation-analysis/projects/joda-time/src/test/java/org/joda/time/convert/MockUnknownTimeZone.java,0.9335494264960289
/home/dorma10/mutation-analysis/projects/joda-time/src/test/java/org/joda/time/convert/TestReadableDurationConverter.java,0.6732816425236788
/home/dorma10/mutation-analysis/projects/joda-time/src/test/java/org/joda/time/convert/TestStringConverter.java,0.4749715606919787
/home/dorma10/mutation-analysis/projects/joda-time/src/test/java/org/joda/time/convert/TestReadablePeriodConverter.java,0.642093183265792
/home/dorma10/mutation-analysis/projects/joda-time/src/test/java/org/joda/time/convert/TestConverterSet.java,0.753300870458285
/home/dorma10/mutation-analysis/projects/joda-time/src/test/java/org/joda/time/convert/TestDateConverter.java,0.6767528707330878
/home/dorma10/mutation-analysis/projects/joda-time/src/test/java/org/joda/time/convert/TestReadableIntervalConverter.java,0.6631666438447105
/home/dorma10/mutation-analysis/projects/joda-time/src/test/java/org/joda/time/convert/TestConverterManager.java,0.5630925940083605
/home/dorma10/mutation-analysis/projects/joda-time/src/test/java/org/joda/time/convert/MockUnknownCalendar.java,0.9517375032107035
/home/dorma10/mutation-analysis/projects/joda-time/src/test/java/org/joda/time/convert/TestLongConverter.java,0.6740495363871256
/home/dorma10/mutation-analysis/projects/joda-time/src/test/java/org/joda/time/TestMutableDateTime_Sets.java,0.5640219018301543
/home/dorma10/mutation-analysis/projects/joda-time/src/test/java/org/joda/time/TestBasePartial.java,0.85531904229096
/home/dorma10/mutation-analysis/projects/joda-time/src/test/java/org/joda/time/TestPartial_Match.java,0.7328528352081776
/home/dorma10/mutation-analysis/projects/joda-time/src/test/java/org/joda/time/TestLocalDate_Properties.java,0.44043246137373376
/home/dorma10/mutation-analysis/projects/joda-time/src/test/java/org/joda/time/TestPartial_Properties.java,0.4541784707372161
/home/dorma10/mutation-analysis/projects/joda-time/src/test/java/org/joda/time/TestDateTimeConstants.java,0.6572597192393409
/home/dorma10/mutation-analysis/projects/joda-time/src/test/java/org/joda/time/TestMonthDay_Basics.java,0.5694318018490221
/home/dorma10/mutation-analysis/projects/joda-time/src/test/java/org/joda/time/TestMutablePeriod_Constructors.java,0.30223886290046037
/home/dorma10/mutation-analysis/projects/joda-time/src/test/java/org/joda/time/TestSeconds.java,0.6711495709605515
/home/dorma10/mutation-analysis/projects/joda-time/src/test/java/org/joda/time/MockNullZoneChronology.java,0.9018930792808533
/home/dorma10/mutation-analysis/projects/joda-time/src/test/java/org/joda/time/TestMutableInterval_Constructors.java,0.6248370977800067
/home/dorma10/mutation-analysis/projects/joda-time/src/test/java/org/joda/time/TestIllegalFieldValueException.java,0.3460531761361794
/home/dorma10/mutation-analysis/projects/joda-time/src/test/java/org/joda/time/TestLocalDate_Basics.java,0.5420352297065698
/home/dorma10/mutation-analysis/projects/joda-time/src/test/java/org/joda/time/TestPeriod_Constructors.java,0.34449888864713435
/home/dorma10/mutation-analysis/projects/joda-time/src/test/java/org/joda/time/TestWeeks.java,0.7097959471866488
/home/dorma10/mutation-analysis/projects/joda-time/src/test/java/org/joda/time/TestLocalDate_Constructors.java,0.6107555703591492
/home/dorma10/mutation-analysis/projects/joda-time/src/test/java/org/joda/time/TestInstant_Constructors.java,0.7147428286927087
/home/dorma10/mutation-analysis/projects/joda-time/src/test/java/org/joda/time/TestTimeOfDay_Basics.java,0.5519465256909855
/home/dorma10/mutation-analysis/projects/joda-time/src/test/java/org/joda/time/TestHours.java,0.6170345153659582
/home/dorma10/mutation-analysis/projects/joda-time/src/test/java/org/joda/time/MockPartial.java,0.8968400259812673
/home/dorma10/mutation-analysis/projects/joda-time/src/test/java/org/joda/time/TestDateMidnight_Basics.java,0.5995559061744383
/home/dorma10/mutation-analysis/projects/joda-time/src/test/java/org/joda/time/MockZone.java,0.7818317082193162
/home/dorma10/mutation-analysis/projects/joda-time/src/test/java/org/joda/time/TestLocalDateTime_Properties.java,0.3356354181217312
/home/dorma10/mutation-analysis/projects/joda-time/src/test/java/org/joda/time/TestDurationFieldType.java,0.4896576076745987
/home/dorma10/mutation-analysis/projects/joda-time/src/test/java/org/joda/time/TestMutableInterval_Basics.java,0.6685754466387961
/home/dorma10/mutation-analysis/projects/joda-time/src/test/java/org/joda/time/TestYearMonthDay_Basics.java,0.5653086841945917
/home/dorma10/mutation-analysis/projects/joda-time/src/test/java/org/joda/time/TestLocalTime_Basics.java,0.576125371341522
/home/dorma10/mutation-analysis/projects/joda-time/src/test/java/org/joda/time/TestDateTime_Constructors.java,0.6280045424423674
